Brand,ModelNumber,Price_YourData,Price_TimeZ,CaseDiameter_YourData,CaseDiameter_TimeZ,CaseMaterial_YourData,CaseMaterial_TimeZ,Price_Match,CaseDiameter_Match,CaseMaterial_Match
Panerai,PAM01087,5600,5600,44,44,Steel,Stainless Steel,TRUE,TRUE,TRUE
Panerai,PAM01086,5600,5600,44,44,Steel,Stainless Steel,TRUE,TRUE,TRUE
Panerai,PAM01085,6100,6100,44,44,Steel,Stainless Steel,TRUE,TRUE,TRUE
Panerai,PAM01084,6100,6100,44,44,Steel,Stainless Steel,TRUE,TRUE,TRUE
Panerai,PAM00914,7100,7100,44,44,Steel,Stainless Steel,TRUE,TRUE,TRUE
Panerai,PAM00915,7600,7600,44,44,Steel,Stainless Steel,TRUE,TRUE,TRUE
Panerai,PAM00422,10800,10800,47,47,Steel,Stainless Steel,TRUE,TRUE,TRUE
Panerai,PAM01371,7800,7800,40,40,Steel,"Stainless Steel,Stainless Steel",TRUE,TRUE,TRUE
Panerai,PAM01370,7800,7800,40,40,Steel,"Stainless Steel,Stainless Steel",TRUE,TRUE,TRUE
Panerai,PAM01372,7800,7800,40,40,Steel,"Stainless Steel,Stainless Steel",TRUE,TRUE,TRUE
Panerai,PAM01408,9300,9300,40,40,Steel,Stainless Steel,TRUE,TRUE,TRUE
Panerai,PAM01314,8800,8800,44,44,Steel,Stainless Steel,TRUE,TRUE,TRUE
Panerai,PAM01313,8800,8800,44,44,Steel,Stainless Steel,TRUE,TRUE,TRUE
Panerai,PAM01312,8800,8800,44,44,Steel,Stainless Steel,TRUE,TRUE,TRUE
Panerai,PAM01356,9400,9400,44,44,Esteel,Stainless Steel,TRUE,TRUE,TRUE
Panerai,PAM01157,9400,9400,44,44,Esteel,Stainless Steel,TRUE,TRUE,TRUE
Panerai,PAM01358,9400,9400,44,44,Esteel,Stainless Steel,TRUE,TRUE,TRUE
Panerai,PAM01564,9500,9500,44,44,Steel,Stainless Steel,TRUE,TRUE,TRUE
Panerai,PAM01316,9500,9500,44,44,Steel,Stainless Steel,TRUE,TRUE,TRUE
Panerai,PAM01562,9500,9500,44,44,Steel,Stainless Steel,TRUE,TRUE,TRUE
Panerai,PAM01412,9800,9800,44,44,Steel,Stainless Steel,TRUE,TRUE,TRUE
Panerai,PAM02661,14800,14800,44,44,Carbotech,,TRUE,TRUE,FALSE
Panerai,PAM01529,16200,16200,44,44,Carbotech,,TRUE,TRUE,FALSE
Panerai,PAM02662,16300,16300,44,44,Titane - Carbotech,"Titanium,Titanium Gold",TRUE,TRUE,TRUE
Panerai,PAM01112,26800,26800,44,44,Goldtech,Goldtech,TRUE,TRUE,TRUE
Panerai,PAM01367,9200,9200,40,40,Steel,Stainless Steel,TRUE,TRUE,TRUE
Panerai,PAM01365,9200,9200,40,40,Steel,Stainless Steel,TRUE,TRUE,TRUE
Panerai,PAM01404,9600,9600,40,40,Steel,Stainless Steel,TRUE,TRUE,TRUE
Panerai,PAM01360,10600,10600,44,44,Steel,Stainless Steel,TRUE,TRUE,TRUE
Panerai,PAM01361,10600,10600,44,44,Steel,Stainless Steel,TRUE,TRUE,TRUE
Panerai,PAM01467,12700,12700,44,44,Titanium Dlc,Titanium,TRUE,TRUE,TRUE
Panerai,PAM01441,14900,14900,44,44,Titanium,"Titanium,Ceramic",TRUE,TRUE,TRUE
Panerai,PAM01218,10000,10000,44,44,Steel,Stainless Steel,TRUE,TRUE,TRUE
Panerai,PAM01109,10000,10000,44,44,Steel,Stainless Steel,TRUE,TRUE,TRUE
Panerai,PAM01548,10800,10800,44,44,Steel,Stainless Steel,TRUE,TRUE,TRUE
Panerai,PAM01110,10800,10800,44,44,Steel,Stainless Steel,TRUE,TRUE,TRUE
Panerai,PAM01219,16600,16600,44,44,Carbotech,,TRUE,TRUE,FALSE
Panerai,PAM01498,17700,17700,44,44,Titanium,Ceramic,TRUE,TRUE,TRUE
Panerai,PAM01111,29400,29400,44,44,Goldtech,Goldtech,TRUE,TRUE,TRUE
Panerai,PAM01519,48000,48000,44,44,Carbotech,,TRUE,TRUE,FALSE
Panerai,PAM01409,11000,11000,44,44,Steel,Stainless Steel,TRUE,TRUE,TRUE
Panerai,PAM01419,17900,17900,44,44,Carbotech,,TRUE,TRUE,FALSE
Panerai,PAM01299,18200,18200,47,47,Titanium,Titanium,TRUE,TRUE,TRUE
Panerai,PAM00742,48000,48000,44,44,Goldtech,Goldtech,TRUE,TRUE,TRUE
Panerai,PAM00715,66400,66400,44,44,Platinumtech,,TRUE,TRUE,FALSE
Panerai,PAM00670,24000,24000,47,47,Titanium,Titanium,TRUE,TRUE,TRUE
Panerai,PAM01060,174300,174300,47,47,Goldtech,Goldtech,TRUE,TRUE,TRUE
Panerai,PAM00920,235200,235200,50,50,Titanium,Titanium,TRUE,TRUE,TRUE
Panerai,PAM01565,11300,11300,42,42,Steel - Ceramic,Stainless Steel,TRUE,TRUE,TRUE
Panerai,PAM01507,12300,12300,42,42,Titanium,Titanium,TRUE,TRUE,TRUE
Panerai,PAM01543,16600,16600,44,44,Ti-Ceramitech,,TRUE,TRUE,FALSE
Panerai,PAM01466,16600,16600,44,44,Ti-Ceramitech,,TRUE,TRUE,FALSE
Panerai,PAM01405,179900,179900,45,45,Carbotech,,TRUE,TRUE,FALSE
Panerai,PAM02223,9500,9500,42,42,Steel,Stainless Steel,TRUE,TRUE,TRUE
Panerai,PAM02979,20200,20200,47,47,Carbotech,,TRUE,TRUE,FALSE
Panerai,PAM02683,10500,10500,42,42,Steel - Ceramic,Stainless Steel,TRUE,TRUE,TRUE
Panerai,PAM02068,11700,11700,42,42,Steel - Ceramic,Stainless Steel,TRUE,TRUE,TRUE
Panerai,PAM02231,17600,17600,42,42,Carbotech,,TRUE,TRUE,FALSE
Panerai,PAM01074,17700,17700,42,42,Bronze,"Titanium,Bronze",TRUE,TRUE,TRUE
Panerai,PAM01229,9900,9900,44,44,Steel,Stainless Steel,TRUE,TRUE,TRUE
Panerai,PAM01323,11100,11100,44,44,Steel,Stainless Steel,TRUE,TRUE,TRUE
Panerai,PAM01288,11600,11600,44,44,Esteel,"Ceramic,Stainless Steel",TRUE,TRUE,TRUE
Panerai,PAM01289,11600,11600,44,44,Esteel,"Ceramic,Stainless Steel",TRUE,TRUE,TRUE
Panerai,PAM01287,11600,11600,44,44,Esteel,"Ceramic,Stainless Steel",TRUE,TRUE,TRUE
Panerai,PAM01232,18600,18600,44,44,Carbotech,"Titanium,Carbon",TRUE,TRUE,TRUE
Panerai,PAM01402,61700,61700,47,47,Steel,Stainless Steel,TRUE,TRUE,TRUE
Panerai,PAM02305,10700,10700,47,47,Titanium,Stainless Steel,TRUE,TRUE,TRUE
Panerai,PAM02692,14800,14800,47,47,Bmg-Tech™,,TRUE,TRUE,FALSE
Panerai,PAM02239,30400,30400,47,47,Titanium,Titanium,TRUE,TRUE,TRUE
Panerai,PAM01403,48000,48000,47,47,Titane - Carbotech,Titanium,TRUE,TRUE,TRUE
Panerai,PAM01283,48000,48000,47,47,Carbotech,,TRUE,TRUE,FALSE
Panerai,PAM01285,87000,87000,47,47,Carbotech,,TRUE,TRUE,FALSE
Panerai,PAM00968,18600,18600,47,47,Bronze - Ceramic,"Titanium,Ceramic,Bronze",TRUE,TRUE,TRUE
Panerai,PAM02164,29900,29900,42,42,Goldtech,Goldtech,TRUE,TRUE,TRUE
Panerai,PAM02070,33300,33300,44,44,Goldtech,Goldtech,TRUE,TRUE,TRUE
Panerai,PAM01248,6900,6900,38,38,Steel,Stainless Steel,TRUE,TRUE,TRUE
Panerai,PAM01273,6900,6900,38,38,Steel,Stainless Steel,TRUE,TRUE,TRUE
Panerai,PAM01247,6900,6900,38,38,Steel,Stainless Steel,TRUE,TRUE,TRUE
Panerai,PAM01123,7700,7700,38,38,Steel,Stainless Steel,TRUE,TRUE,TRUE
Panerai,PAM01425,6900,6900,38,38,Steel,Stainless Steel,TRUE,TRUE,TRUE
Panerai,PAM01426,6900,6900,38,38,Steel,Stainless Steel,TRUE,TRUE,TRUE
Panerai,PAM01378,7400,7400,38,38,Steel,Stainless Steel,TRUE,TRUE,TRUE
Panerai,PAM01311,7900,7900,38,38,Steel,Stainless Steel,TRUE,TRUE,TRUE
Panerai,PAM01319,7900,7900,38,38,Steel,Stainless Steel,TRUE,TRUE,TRUE
Panerai,PAM01309,7900,7900,38,38,Steel,Stainless Steel,TRUE,TRUE,TRUE
Panerai,PAM01180,9600,9600,38,38,Steel,"Stainless Steel,Stainless Steel",TRUE,TRUE,TRUE
Panerai,PAM01179,9600,9600,38,38,Steel,"Stainless Steel,Stainless Steel",TRUE,TRUE,TRUE
Panerai,PAM01301,10400,10400,38,38,Steel,"Stainless Steel,Stainless Steel",TRUE,TRUE,TRUE
Panerai,PAM01388,7300,7300,42,42,Steel,Stainless Steel,TRUE,TRUE,TRUE
Panerai,PAM01274,7300,7300,42,42,Steel,Stainless Steel,TRUE,TRUE,TRUE
Panerai,PAM01250,7300,7300,42,42,Steel,Stainless Steel,TRUE,TRUE,TRUE
Panerai,PAM01124,8100,8100,42,42,Steel,Stainless Steel,TRUE,TRUE,TRUE
Panerai,PAM01428,7300,7300,42,42,Steel,Stainless Steel,TRUE,TRUE,TRUE
Panerai,PAM01429,7300,7300,42,42,Steel,Stainless Steel,TRUE,TRUE,TRUE
Panerai,PAM01381,7800,7800,42,42,Steel,Stainless Steel,TRUE,TRUE,TRUE
Panerai,PAM01424,7300,7300,42,42,Steel,Stainless Steel,TRUE,TRUE,TRUE
Panerai,PAM01280,18600,18600,38,38,Goldtech,Goldtech,TRUE,TRUE,TRUE
Panerai,PAM01326,37200,37200,38,38,Goldtech,Goldtech,TRUE,TRUE,TRUE
Panerai,PAM01182,37200,37200,38,38,Goldtech,Goldtech,TRUE,TRUE,TRUE
Panerai,PAM01181,21500,21500,38,38,Goldtech,Red Gold,TRUE,TRUE,TRUE
Panerai,PAM01504,40200,40200,38,38,Goldtech,Goldtech,TRUE,TRUE,TRUE
Panerai,PAM01423,21500,21500,42,42,Yellow Gold,Yellow Gold,TRUE,TRUE,TRUE
Panerai,PAM01336,21500,21500,42,42,Goldtech,Rose Gold,TRUE,TRUE,TRUE
Panerai,PAM01329,39200,39200,42,42,Platinumtech,,TRUE,TRUE,FALSE
Panerai,PAM01383,4900,4900,45,45,Steel,Stainless Steel,TRUE,TRUE,TRUE
Panerai,PAM01384,5400,5400,45,45,Steel,Stainless Steel,TRUE,TRUE,TRUE
Panerai,PAM01385,5400,5400,45,45,Steel,Stainless Steel,TRUE,TRUE,TRUE
Panerai,PAM01334,7100,7100,45,47,Steel,Stainless Steel,TRUE,FALSE,TRUE
Panerai,PAM01335,7100,7100,45,47,Steel,Stainless Steel,TRUE,FALSE,TRUE
Panerai,PAM01350,7100,7100,45,45,Steel,Stainless Steel,TRUE,TRUE,TRUE
Panerai,PAM01347,9700,9700,45,45,Steel With Pvd Coating,eSteel™,TRUE,TRUE,TRUE
Panerai,PAM01348,9700,9700,45,45,Steel With Pvd Coating,eSteel™,TRUE,TRUE,TRUE
Panerai,PAM01349,12300,12300,45,45,Steel With Pvd Coating,eSteel™,TRUE,TRUE,TRUE
Panerai,PAM00760,18600,18600,47,47,Bronze,"Bronze,Stainless Steel",TRUE,TRUE,TRUE
Panerai,PAM01026,18200,18200,40,40,Goldtech,Goldtech,TRUE,TRUE,TRUE
Panerai,PAM01437,18200,18200,40,40,Yellow Gold,Yellow Gold,TRUE,TRUE,TRUE
Panerai,PAM01363,36900,36900,45,45,Goldtech,Goldtech,TRUE,TRUE,TRUE
Panerai,PAM01364,54500,54500,45,45,Platinumtech,,TRUE,TRUE,FALSE
Panerai,PAM01432,81000,81000,45,45,Platinumtech,,TRUE,TRUE,FALSE
Panerai,PAM01284,156800,156800,45,45,Bronze,,TRUE,TRUE,FALSE
Panerai,PAM00600,415000,415000,49,49,Goldtech,Red Gold,TRUE,TRUE,TRUE
Panerai,PAM01482,15200,15200,44,44,Steel,Stainless Steel,TRUE,TRUE,TRUE
Panerai,PAM01483,19500,19500,44,44,Ceramic,Ceramic,TRUE,TRUE,TRUE
Panerai,PAM01570,6000,6000,40,40,Steel,Stainless Steel,TRUE,TRUE,TRUE
Panerai,PAM01572,6000,6000,40,40,Steel,Stainless Steel,TRUE,TRUE,TRUE
Panerai,PAM01573,6000,6000,40,40,Steel,Stainless Steel,TRUE,TRUE,TRUE
Panerai,PAM01382,4900,4900,45,45,Steel,Stainless Steel,TRUE,TRUE,TRUE
Panerai,PAM01623,5600,5600,44,44,Steel,Stainless Steel,TRUE,TRUE,TRUE
Panerai,PAM01624,6100,6100,44,44,Steel,Stainless Steel,TRUE,TRUE,TRUE
Panerai,PAM01641,25400,25400,40,40,Goldtech,Goldtech,TRUE,TRUE,TRUE
Panerai,PAM01681,12100,12100,44,40,Esteel,Stainless Steel,TRUE,FALSE,TRUE
Panerai,PAM01563,18100,18100,42,42,Carbotech,,TRUE,TRUE,FALSE
Panerai,PAM01513,19700,19700,44,44,Carbotech,,TRUE,TRUE,FALSE
Panerai,PAM01669,13700,13700,47,47,Titanium,Titanium,TRUE,TRUE,TRUE
Panerai,PAM02616,18900,18900,47,47,Carbotech,,TRUE,TRUE,FALSE
Panerai,PAM01521,34200,34200,47,47,Titanium,Titanium,TRUE,TRUE,TRUE
Panerai,PAM01800,99600,99600,49,49,Ti-Ceramitech,,TRUE,TRUE,FALSE
Panerai,PAM02025,8800,8800,44,44,Steel,Stainless Steel,TRUE,TRUE,TRUE
Panerai,PAM01442,41200,41200,42,42,Goldtech,Goldtech,TRUE,TRUE,TRUE
Panerai,PAM01387,8300,8300,42,42,Steel,Stainless Steel,TRUE,TRUE,TRUE
Panerai,PAM01494,41200,41200,42,42,Goldtech,Goldtech,TRUE,TRUE,TRUE
Panerai,PAM02973,9500,9500,42,42,Steel,Stainless Steel,TRUE,TRUE,TRUE
Panerai,PAM01579,11000,11000,42,42,Steel - Ceramic,Stainless Steel,TRUE,TRUE,TRUE
Panerai,PAM01595,9900,9900,44,44,Steel,Stainless Steel,TRUE,TRUE,TRUE
Panerai,PAM01539,8300,8300,42,42,Steel,Stainless Steel,TRUE,TRUE,TRUE
Panerai,PAM01518,10200,10200,44,44,Steel,Stainless Steel,TRUE,TRUE,TRUE
Panerai,PAM01508,7900,7900,38,38,Steel,Stainless Steel,TRUE,TRUE,TRUE
Panerai,PAM01640,9800,9800,40,40,Steel,Stainless Steel,TRUE,TRUE,TRUE
Panerai,PAM01526,13300,13300,40,40,Carbotech,,TRUE,TRUE,FALSE
Panerai,PAM01571,6000,6000,40,40,Steel,Stainless Steel,TRUE,TRUE,TRUE
Vacheron Constantin,85180/000J-H069,35300,35300,40,40,Yellow Gold,Gold,TRUE,TRUE,TRUE
Vacheron Constantin,7920V/210R-B965,75500,75500,41,41,18K Pink Gold,Pink Gold,TRUE,TRUE,TRUE
Vacheron Constantin,5520V/210R-B966,79500,79500,42.5,42.5,18K Pink Gold,Rose Gold,TRUE,TRUE,TRUE
Vacheron Constantin,4520V/210R-B967,60500,60500,41,41,18K Pink Gold,Rose Gold,TRUE,TRUE,TRUE
Vacheron Constantin,1225V/200R-H031,51500,51500,33,33,18K Pink Gold,Pink Gold,TRUE,TRUE,TRUE
Vacheron Constantin,4600E/000R-H101,25500,25500,40,40,18K Pink Gold,Pink Gold,TRUE,TRUE,TRUE
Vacheron Constantin,86073/000P-H033,,,40,40,950 Platinum,,FALSE,TRUE,FALSE
Vacheron Constantin,86073/000R-H034,,,40,40,18K Pink Gold,Pink Gold,FALSE,TRUE,TRUE
Vacheron Constantin,2405A/000G-H021,,,38,38,White Gold,White Gold,FALSE,TRUE,TRUE
Vacheron Constantin,2405A/000R-H022,,,38,38,18K Pink Gold,"Blue,Rose Gold,Silver",FALSE,TRUE,TRUE
Vacheron Constantin,2400A/000G-H023,,,38,38,White Gold,White Gold,FALSE,TRUE,TRUE
Vacheron Constantin,2400A/000R-H024,,,38,38,18K Pink Gold,Pink Gold,FALSE,TRUE,TRUE
Vacheron Constantin,5100T/000P-H041,,,42.5,42.5,950 Platinum,,FALSE,TRUE,FALSE
Vacheron Constantin,4010U/000G-H070,49400,49400,42.5,42.5,White Gold,White Gold,TRUE,TRUE,TRUE
Vacheron Constantin,1410U/000G-H017,25200,25200,39,39,White Gold,White Gold,TRUE,TRUE,TRUE
Vacheron Constantin,1410U/000R-H018,25200,25200,39,39,18K Pink Gold,Rose Gold,TRUE,TRUE,TRUE
Vacheron Constantin,8005F/000R-H030,43100,43100,37,37,18K Pink Gold,Pink Gold,TRUE,TRUE,TRUE
Vacheron Constantin,6000V/210T-H032,,,42.5,42.5,Titanium,Titanium,FALSE,TRUE,TRUE
Vacheron Constantin,4605V/200R-B969,58500,58500,35,35,18K Pink Gold,Rose Gold,TRUE,TRUE,TRUE
Vacheron Constantin,8005F/000R-B498,39300,39300,37,37,18K Pink Gold,Pink Gold,TRUE,TRUE,TRUE
Vacheron Constantin,6007V/210G-B955,,1980000,42.5,42.5,White Gold,White Gold,FALSE,TRUE,TRUE
Vacheron Constantin,82172/000R-H008,23700,23700,38,38,18K Pink Gold,Pink Gold,TRUE,TRUE,TRUE
Vacheron Constantin,4300V/220R-B509,115000,115000,41.5,41.5,18K Pink Gold,Pink Gold,TRUE,TRUE,TRUE
Vacheron Constantin,4300V/220R-B064,115000,115000,41.5,41.5,18K Pink Gold,Pink Gold,TRUE,TRUE,TRUE
Vacheron Constantin,4300V/220G-B945,115000,115000,41.5,41.5,White Gold,White Gold,TRUE,TRUE,TRUE
Vacheron Constantin,4300V/220R-B547,,130000,41.5,41.5,18K Pink Gold,Pink Gold,FALSE,TRUE,TRUE
Vacheron Constantin,4300V/220R-B642,,1170000,41.5,41.5,18K Pink Gold,Pink Gold,FALSE,TRUE,TRUE
Vacheron Constantin,4300V/220G-B946,,130000,41.5,41.5,White Gold,White Gold,FALSE,TRUE,TRUE
Vacheron Constantin,7500U/000R-B994,,1310000,41,41,Pink Gold,Pink Gold,FALSE,TRUE,TRUE
Vacheron Constantin,7500U/000G-B991,,1310000,41,41,White Gold,White Gold,FALSE,TRUE,TRUE
Vacheron Constantin,6000V/210T-B935,,1430000,42.5,42.5,Titanium,Titanium,FALSE,TRUE,TRUE
Vacheron Constantin,6000V/210R-B934,,1630000,42.5,42.5,18K Pink Gold,Pink Gold,FALSE,TRUE,TRUE
Vacheron Constantin,6000V/210R-B733,,1320000,42.5,42.5,18K Pink Gold,Rose Gold,FALSE,TRUE,TRUE
Vacheron Constantin,5520V/210R-B952,79500,79500,42.5,42.5,18K Pink Gold,"Rose Gold,Pink Gold",TRUE,TRUE,TRUE
Vacheron Constantin,5520V/210A-B481,35600,35600,42.5,42.5,Stainless Steel,Stainless Steel,TRUE,TRUE,TRUE
Vacheron Constantin,5520V/210A-B686,35600,35600,42.5,42.5,Stainless Steel,Stainless Steel,TRUE,TRUE,TRUE
Vacheron Constantin,5520V/210A-B148,35600,35600,42.5,42.5,Stainless Steel,Stainless Steel,TRUE,TRUE,TRUE
Vacheron Constantin,7920V/000R-B336,48500,48500,41,41,18K Pink Gold,Pink Gold,TRUE,TRUE,TRUE
Vacheron Constantin,7920V/210A-B333,30900,30900,41,41,Stainless Steel,Stainless Steel,TRUE,TRUE,TRUE
Vacheron Constantin,7920V/210A-B546,30900,30900,41,41,Stainless Steel,Stainless Steel,TRUE,TRUE,TRUE
Vacheron Constantin,7920V/210A-B334,30900,30900,41,41,Stainless Steel,Stainless Steel,TRUE,TRUE,TRUE
Vacheron Constantin,4116U/000G-B909,82000,82000,37,37,White Gold,White Gold,TRUE,TRUE,TRUE
Vacheron Constantin,6000T/000P-H025,,,41,41,950 Platinum,,FALSE,TRUE,FALSE
Vacheron Constantin,6010T/000R-B638,,,41,41,18K Pink Gold,Pink Gold,FALSE,TRUE,TRUE
Vacheron Constantin,5100T/000R-B623,,1570000,42.5,42.5,18K Pink Gold,Pink Gold,FALSE,TRUE,TRUE
Vacheron Constantin,6035T/000R-B634,,1170000,39,39,18K Pink Gold,Pink Gold,FALSE,TRUE,TRUE
Vacheron Constantin,6000E/000R-B488,,130000,41,41,18K Pink Gold,Pink Gold,FALSE,TRUE,TRUE
Vacheron Constantin,6000T/000R-B346,,131000,41,41,18K Pink Gold,Pink Gold,FALSE,TRUE,TRUE
Vacheron Constantin,6025T/000G-B635,,1560000,39,39,White Gold,White Gold,FALSE,TRUE,TRUE
Vacheron Constantin,6000V/110A-B544,,129000,42.5,42.5,Stainless Steel,Stainless Steel,FALSE,TRUE,TRUE
Vacheron Constantin,5000T/000P-B975,,1166000,43,43,950 Platinum,,FALSE,TRUE,FALSE
Vacheron Constantin,5000H/000R-B059,64000,64000,38.5,38.5,18K Pink Gold,Pink Gold,TRUE,TRUE,TRUE
Vacheron Constantin,5000H/000A-B582,47600,47600,38.5,38.5,Stainless Steel,Stainless Steel,TRUE,TRUE,TRUE
Vacheron Constantin,3200T/002P-B578,,,42,42,950 Platinum,,FALSE,TRUE,FALSE
Vacheron Constantin,4020T/000R-B654,53000,53000,41,41,18K Pink Gold,Pink Gold,TRUE,TRUE,TRUE
Vacheron Constantin,4606F/000R-B648,66000,66000,35,35,18K Pink Gold,"Pink Gold,Red Gold",TRUE,TRUE,TRUE
Vacheron Constantin,7620A/000R-B927,,,42,42,18K Pink Gold,"Pink Gold,Red Gold",FALSE,TRUE,TRUE
Vacheron Constantin,7620A/000R-B926,,,42,42,18K Pink Gold,"Pink Gold,Red Gold",FALSE,TRUE,TRUE
Vacheron Constantin,7500U/000R-B992,,1310000,41,41,Pink Gold,Pink Gold,FALSE,TRUE,TRUE
Vacheron Constantin,4600V/200R-B979,52000,52000,34.5,34.5,18K Pink Gold,Pink Gold,TRUE,TRUE,TRUE
Vacheron Constantin,4605F/000R-B496,34100,34100,35,35,18K Pink Gold,Pink Gold,TRUE,TRUE,TRUE
Vacheron Constantin,4010T/000R-B344,45300,45300,41,41,18K Pink Gold,Pink Gold,TRUE,TRUE,TRUE
Vacheron Constantin,4605V/200R-B968,58500,58500,35,35,18K Pink Gold,Gold,TRUE,TRUE,TRUE
Vacheron Constantin,4000E/000R-B065,44500,44500,40,40,18K Pink Gold,Pink Gold,TRUE,TRUE,TRUE
Vacheron Constantin,4605F/110R-B496,45800,45800,35,35,18K Pink Gold,Pink Gold,TRUE,TRUE,TRUE
Vacheron Constantin,4400E/000R-B436,44500,44500,40,40,18K Pink Gold,Pink Gold,TRUE,TRUE,TRUE
Vacheron Constantin,4605V/200R-B978,58500,58500,35,35,18K Pink Gold,Pink Gold,TRUE,TRUE,TRUE
Vacheron Constantin,4000E/000R-B438,44500,44500,40,40,18K Pink Gold,Pink Gold,TRUE,TRUE,TRUE
Vacheron Constantin,4305T/000R-B947,88000,88000,36.5,36.5,18K Pink Gold,Pink Gold,TRUE,TRUE,TRUE
Vacheron Constantin,43175/000R-B519,88000,88000,41,41,18K Pink Gold,Pink Gold,TRUE,TRUE,TRUE
Vacheron Constantin,43175/000R-9687,88000,88000,41,41,18K Pink Gold,Pink Gold,TRUE,TRUE,TRUE
Vacheron Constantin,4020T/000G-B655,53000,53000,41,41,White Gold,White Gold,TRUE,TRUE,TRUE
Vacheron Constantin,4606F/000G-B649,66000,66000,35,35,White Gold,White Gold,TRUE,TRUE,TRUE
Vacheron Constantin,7620A/000G-B929,,1200000,42,42,White Gold,White Gold,FALSE,TRUE,TRUE
Vacheron Constantin,7620A/000G-B928,,,42,42,White Gold,White Gold,FALSE,TRUE,TRUE
Vacheron Constantin,7500U/000G-B993,,1310000,41,41,White Gold,White Gold,FALSE,TRUE,TRUE
Vacheron Constantin,4305T/000G-B948,88000,88000,36.5,36.5,White Gold,White Gold,TRUE,TRUE,TRUE
Vacheron Constantin,4010T/000G-B740,45300,45300,41,41,White Gold,White Gold,TRUE,TRUE,TRUE
Vacheron Constantin,4000E/000A-B439,27400,27400,40,40,Stainless Steel,Stainless Steel,TRUE,TRUE,TRUE
Vacheron Constantin,4000E/000A-B548,27400,27400,40,40,Stainless Steel,Stainless Steel,TRUE,TRUE,TRUE
Vacheron Constantin,4400E/000A-B437,27400,27400,40,40,Stainless Steel,Stainless Steel,TRUE,TRUE,TRUE
Vacheron Constantin,4605F/110A-B495,23400,23400,35,35,Stainless Steel,Stainless Steel,TRUE,TRUE,TRUE
Vacheron Constantin,4605V/200A-B971,30500,30500,35,35,Stainless Steel,Stainless Steel,TRUE,TRUE,TRUE
Vacheron Constantin,4600V/200A-B980,23100,23100,34.5,34.5,Stainless Steel,Stainless Steel,TRUE,TRUE,TRUE
Vacheron Constantin,4000U/000P-H003,62000,62000,42.5,42.5,950 Platinum,,TRUE,TRUE,FALSE
Vacheron Constantin,4000U/000R-B516,49400,49400,42.5,42.5,18K Pink Gold,Pink Gold,TRUE,TRUE,TRUE
Vacheron Constantin,4000U/000R-B110,49400,49400,42.5,42.5,18K Pink Gold,Pink Gold,TRUE,TRUE,TRUE
Vacheron Constantin,8005F/000R-B958,39300,39300,37,37,18K Pink Gold,"Pink Gold,Red Gold",TRUE,TRUE,TRUE
Vacheron Constantin,8016F/127R-B977,,,37,37,18K Pink Gold,Gold,FALSE,TRUE,TRUE
Vacheron Constantin,8005F/120R-H002,57000,57000,37,37,18K Pink Gold,"Pink Gold,Red Gold",TRUE,TRUE,TRUE
Vacheron Constantin,7000M/000R-B109,40400,40400,4236.7,4236.7,18K Pink Gold,Pink Gold,TRUE,TRUE,TRUE
Vacheron Constantin,4010U/000R-B329,49400,49400,42.5,42.5,18K Pink Gold,Pink Gold,TRUE,TRUE,TRUE
Vacheron Constantin,8006F/000R-B976,82000,82000,37,37,18K Pink Gold,Gold,TRUE,TRUE,TRUE
Vacheron Constantin,83570/000R-9915,45000,45000,36,36,18K Pink Gold,Pink Gold,TRUE,TRUE,TRUE
Vacheron Constantin,8006F/000G-B942,112000,112000,37,37,White Gold,White Gold,TRUE,TRUE,TRUE
Vacheron Constantin,8016F/127G-B499,,1250000,37,37,White Gold,White Gold,FALSE,TRUE,TRUE
Vacheron Constantin,8006F/000G-B499,82000,82000,37,37,White Gold,White Gold,TRUE,TRUE,TRUE
Vacheron Constantin,7006T/000G-B913,82000,82000,37.5,37.5,White Gold,White Gold,TRUE,TRUE,TRUE
Vacheron Constantin,4010U/000G-B330,49400,49400,42.5,42.5,White Gold,White Gold,TRUE,TRUE,TRUE
Vacheron Constantin,83570/000G-9916,45000,45000,36,36,White Gold,White Gold,TRUE,TRUE,TRUE
Vacheron Constantin,4000V/210A-B911,43800,43800,41,41,Stainless Steel,Stainless Steel,TRUE,TRUE,TRUE
Vacheron Constantin,8005F/120A-B497,28900,28900,37,37,Stainless Steel,Stainless Steel,TRUE,TRUE,TRUE
Vacheron Constantin,4200H/222J-B935,74000,74000,37,37,Yellow Gold,Yellow Gold,TRUE,TRUE,TRUE
Vacheron Constantin,4600E/000R-B576,25500,25500,40,40,18K Pink Gold,Pink Gold,TRUE,TRUE,TRUE
Vacheron Constantin,81515/000R-9892,36200,36200,,28.4,18K Pink Gold,Pink Gold,TRUE,FALSE,TRUE
Vacheron Constantin,85180/000R-B515,31800,31800,40,40,18K Pink Gold,Pink Gold,TRUE,TRUE,TRUE
Vacheron Constantin,1225V/200R-H015,51500,51500,33,33,18K Pink Gold,Pink Gold,TRUE,TRUE,TRUE
Vacheron Constantin,82230/000R-9963,28100,28100,4236.7,36.7,18K Pink Gold,Pink Gold,TRUE,FALSE,TRUE
Vacheron Constantin,85180/000R-9248,31800,31800,40,40,18K Pink Gold,Pink Gold,TRUE,TRUE,TRUE
Vacheron Constantin,87172/000R-9302,30200,30200,38,38,18K Pink Gold,Pink Gold,TRUE,TRUE,TRUE
Vacheron Constantin,1100S/000R-B430,33400,33400,,36.5,18K Pink Gold,Pink Gold,TRUE,FALSE,TRUE
Vacheron Constantin,82172/000R-9382,23700,23700,38,38,18K Pink Gold,Pink Gold,TRUE,TRUE,TRUE
Vacheron Constantin,1225V/000R-B592,32900,32900,33,33,18K Pink Gold,Pink Gold,TRUE,TRUE,TRUE
Vacheron Constantin,4110U/000R-B905,28900,28900,36.5,36.5,18K Pink Gold,Rose Gold,TRUE,TRUE,TRUE
Vacheron Constantin,82035/000R-9359,40400,40400,4040,40,18K Pink Gold,Pink Gold,TRUE,FALSE,TRUE
Vacheron Constantin,4520V/210R-B705,60500,60500,41,41,18K Pink Gold,Pink Gold,TRUE,TRUE,TRUE
Vacheron Constantin,85515/000R-B644,40000,40000,36.5,36.5,18K Pink Gold,"Pink Gold,Red Gold",TRUE,TRUE,TRUE
Vacheron Constantin,4600E/000R-B441,25500,25500,40,40,18K Pink Gold,Pink Gold,TRUE,TRUE,TRUE
Vacheron Constantin,81015/000R-B282,21900,21900,,,18K Pink Gold,"Pink Gold,Red Gold",TRUE,FALSE,TRUE
Vacheron Constantin,4115U/000R-B907,36500,36500,36.5,36.5,18K Pink Gold,Rose Gold,TRUE,TRUE,TRUE
Vacheron Constantin,1100S/000G-B734,33400,33400,36.5,36.5,White Gold,White Gold,TRUE,TRUE,TRUE
Vacheron Constantin,85180/000G-9230,31800,31800,40,40,White Gold,White Gold,TRUE,TRUE,TRUE
Vacheron Constantin,82035/000G-B735,40400,40400,4040,40,White Gold,White Gold,TRUE,FALSE,TRUE
Vacheron Constantin,4115U/000G-B908,36500,36500,36.5,36.5,White Gold,White Gold,TRUE,TRUE,TRUE
Vacheron Constantin,4110U/000G-B906,28900,28900,36.5,36.5,White Gold,White Gold,TRUE,TRUE,TRUE
Vacheron Constantin,1110U/000G-B086,24500,24500,42,42,White Gold,White Gold,TRUE,TRUE,TRUE
Vacheron Constantin,81515/000G-9891,36200,36200,,28.4,White Gold,White Gold,TRUE,FALSE,TRUE
Vacheron Constantin,4600E/000A-B487,12700,12700,40,40,Stainless Steel,Stainless Steel,TRUE,TRUE,TRUE
Vacheron Constantin,4600E/110A-B487,15400,15400,40,40,Stainless Steel,Stainless Steel,TRUE,TRUE,TRUE
Vacheron Constantin,4520V/210A-B128,25000,25000,41,41,Stainless Steel,Stainless Steel,TRUE,TRUE,TRUE
Vacheron Constantin,4520V/210A-B483,25000,25000,41,41,Stainless Steel,Stainless Steel,TRUE,TRUE,TRUE
Vacheron Constantin,4520V/210A-B126,25000,25000,41,41,Stainless Steel,Stainless Steel,TRUE,TRUE,TRUE
Vacheron Constantin,4600E/000A-B442,12700,12700,40,40,Stainless Steel,Stainless Steel,TRUE,TRUE,TRUE
Vacheron Constantin,1225V/200A-B590,16500,16500,33,33,Stainless Steel,Stainless Steel,TRUE,TRUE,TRUE
Vacheron Constantin,86073/000P-B932,,131000,40,40,950 Platinum,,FALSE,TRUE,FALSE
Vacheron Constantin,86073/000R-B933,117000,117000,40,40,18K Pink Gold,"Pink Gold,Red Gold",TRUE,TRUE,TRUE
Vacheron Constantin,25558/000R-B156,19100,19100,30,30,18K Pink Gold,Pink Gold,TRUE,TRUE,TRUE
Vacheron Constantin,1205F/000R-B622,21400,21400,30,30,18K Pink Gold,"Pink Gold,Red Gold",TRUE,TRUE,TRUE
Vacheron Constantin,81180/000R-9159,22100,22100,40,40,18K Pink Gold,Pink Gold,TRUE,TRUE,TRUE
Vacheron Constantin,81180/000R-B518,22100,22100,40,40,18K Pink Gold,Pink Gold,TRUE,TRUE,TRUE
Vacheron Constantin,1405T/000R-B636,29600,29600,33,33,18K Pink Gold,"Pink Gold,Red Gold",TRUE,TRUE,TRUE
Vacheron Constantin,1405T/000R-H009,29600,29600,33,33,18K Pink Gold,Pink Gold,TRUE,TRUE,TRUE
Vacheron Constantin,37640/000G-B659,63000,63000,,,White Gold,White Gold,TRUE,FALSE,TRUE
Vacheron Constantin,37640/000G-B030,63000,63000,,26.5036,White Gold,White Gold,TRUE,FALSE,TRUE
Vacheron Constantin,37640/000G-B021,74000,74000,,26.5036,White Gold,White Gold,TRUE,FALSE,TRUE
Vacheron Constantin,25558/000G-B157,19100,19100,30,30,White Gold,White Gold,TRUE,TRUE,TRUE
Vacheron Constantin,81590/000G-9848,29600,29600,33,33,White Gold,White Gold,TRUE,TRUE,TRUE
Vacheron Constantin,81180/000G-9117,22100,22100,40,40,White Gold,White Gold,TRUE,TRUE,TRUE
Zenith,49-9308-3620-56-i001,15500,15500,41,41,Black Ceramic,Ceramic,TRUE,TRUE,TRUE
Zenith,03-9301-3620-18-i001,10300,10300,41,41,Stainless Steel,Stainless Steel,TRUE,TRUE,TRUE
Zenith,03-3401-3610-21-m3200,13500,13500,38,38,Stainless Steel,Stainless Steel,TRUE,TRUE,TRUE
Zenith,03-9301-3630-49-i001,62300,62300,41,41,Stainless Steel,Stainless Steel,TRUE,TRUE,TRUE
Zenith,97-t384-4061-21-m384,9800,9800,37,37,Microblasted Titanium,Titanium,TRUE,TRUE,TRUE
Zenith,97-t384-400-57-m384,9800,9800,37,37,Microblasted Titanium,Titanium,TRUE,TRUE,TRUE
Zenith,03-9500-3600-02-i001,13400,13400,42,42,Stainless Steel,"Grey,Rose Gold",TRUE,TRUE,TRUE
Zenith,03-9302-3620-75-i001,9800,9800,41,41,Stainless Steel,Stainless Steel,TRUE,TRUE,TRUE
Zenith,03-9500-3600-51-i001,13400,13400,42,42,Stainless Steel,Stainless Steel,TRUE,TRUE,TRUE
Zenith,49-9301-3620-79-i001,17500,17500,41,41,White Ceramic,Ceramic,TRUE,TRUE,TRUE
Zenith,03-9500-3600-01-i001,13400,13400,42,42,Stainless Steel,Stainless Steel,TRUE,TRUE,TRUE
Zenith,03-9500-3600-21-i001,13400,13400,42,42,Stainless Steel,Stainless Steel,TRUE,TRUE,TRUE
Zenith,03-a3648-670-21-m3648,7700,7700,37,37,Stainless Steel,Stainless Steel,TRUE,TRUE,TRUE
Zenith,95-9601-3620-51-i301,11300,11300,42.5,42.5,Brushed Titanium,Ceramic,TRUE,TRUE,TRUE
Zenith,95-9600-3620-21-i300,11300,11300,42.5,42.5,Brushed Titanium,"Ceramic,Titanium",TRUE,TRUE,TRUE
Zenith,03-9300-3630-51-i001,57100,57100,41,41,Stainless Steel,Stainless Steel,TRUE,TRUE,TRUE
Zenith,49-9300-3630-21-i001,67400,67400,41,41,Black Ceramic,Ceramic,TRUE,TRUE,TRUE
Zenith,03-3100-3600-69-r951,10800,10800,41,41,Stainless Steel With Black Ceramic Bezel,Stainless Steel,TRUE,TRUE,TRUE
Zenith,03-3114-3600-51-r950,10300,10300,41,41,Stainless Steel,Stainless Steel,TRUE,TRUE,TRUE
Zenith,03-3100-3600-21-r951,10800,10800,41,41,Stainless Steel With Black Ceramic Bezel,Stainless Steel,TRUE,TRUE,TRUE
Zenith,03-3103-3600-69-r950,11800,11800,41,41,Stainless Steel With Tricolor Ceramic Bezel,Stainless Steel,TRUE,TRUE,TRUE
Zenith,18-3101-3600-69-r953,24800,24800,41,41,18-Ct Rose Gold With Gold Bezel,Rose Gold,TRUE,TRUE,TRUE
Zenith,18-3101-3600-21-r951,24800,24800,41,41,18-Ct Rose Gold With Gold Bezel,Rose Gold,TRUE,TRUE,TRUE
Zenith,51-3100-3600-69-r950,16500,16500,41,41,Stainless Steel & 18-Carat Rose Gold,Stainless Steel,TRUE,TRUE,TRUE
Zenith,18-3100-3600-69-r951,23000,23000,41,41,18-Ct Rose Gold With Black Ceramic Bezel,Rose Gold,TRUE,TRUE,TRUE
Zenith,95-3100-3600-39-m3100,11800,11800,41,41,Titanium,Titanium,TRUE,TRUE,TRUE
Zenith,95-3100-3600-39-r951,11300,11300,41,41,Nan,Titanium,TRUE,TRUE,TRUE
Zenith,03-3400-3610-39-m3200,13900,13900,38,38,Stainless Steel,Stainless Steel,TRUE,TRUE,TRUE
Zenith,03-3119-3600-56-m3100,11300,11300,41,41,Stainless Steel,"Stainless Steel,Ceramic",TRUE,TRUE,TRUE
Zenith,03-3400-3610-40-c912,13400,13400,38,38,Stainless Steel,Stainless Steel,TRUE,TRUE,TRUE
Zenith,03-3119-3600-56-r952,10800,10800,41,41,Stainless Steel,Stainless Steel,TRUE,TRUE,TRUE
Zenith,03-3400-3610-38-m3200,13900,13900,38,38,Stainless Steel,Stainless Steel,TRUE,TRUE,TRUE
Zenith,22-3100-3600-69-m3100,98600,98600,41,41,18-Ct Rose Gold With Gold Bezel,Rose Gold,TRUE,TRUE,TRUE
Zenith,03-3400-3610-40-m3200,13900,13900,38,38,Stainless Steel,Stainless Steel,TRUE,TRUE,TRUE
Zenith,03-3400-3610-39-c910,13400,13400,38,38,Stainless Steel,Stainless Steel,TRUE,TRUE,TRUE
Zenith,03-3400-3610-38-c911,13400,13400,38,38,Stainless Steel,Stainless Steel,TRUE,TRUE,TRUE
Zenith,03-4000-3652-51-i003,11800,11800,42.5,42.5,Stainless Steel,Stainless Steel,TRUE,TRUE,TRUE
Zenith,97-9300-3620-79-i001,12000,12000,41,41,Microblasted Titanium,Titanium,TRUE,TRUE,TRUE
Zenith,03-4000-3620-51-i003,7800,7800,40,40,Stainless Steel,Stainless Steel,TRUE,TRUE,TRUE
Zenith,03-3109-3600-18-m3100,11800,11800,41,41,Stainless Steel,Stainless Steel,TRUE,TRUE,TRUE
Zenith,49-4000-3652-21-i001,13900,13900,42.5,42.5,Black Microblasted Ceramic,Ceramic,TRUE,TRUE,TRUE
Zenith,21-chroma-ii-49-9013-9004-21-r952,15600,,44,,Black Ceramic,,FALSE,FALSE,FALSE
Zenith,03-9102-9004-90-i001,26900,26900,45,45,Polished Stainless Steel,Stainless Steel,TRUE,TRUE,TRUE
Zenith,03-3114-3600-51-m3100,10800,10800,41,41,Stainless Steel,Stainless Steel,TRUE,TRUE,TRUE
Zenith,06-9100-9004-21-i001,31000,31000,45,45,Microblasted Steel & Yellow Gold,Stainless Steel,TRUE,TRUE,TRUE
Zenith,16-9300-3620-51-i001,27900,27900,41,41,Stainless Steel With Blue Baguette Sapphires-Set Bezel,Stainless Steel,TRUE,TRUE,TRUE
Zenith,03-3200-3600-22-m3200,10300,10300,38,38,Stainless Steel,Stainless Steel,TRUE,TRUE,TRUE
Zenith,03-3100-3600-69-m3100,11300,11300,41,41,Stainless Steel With Black Ceramic Bezel,"Ceramic,Stainless Steel",TRUE,TRUE,TRUE
Zenith,21-chroma-ii-49-9014-9004-01-r953,15600,,44,,Matte White Ceramic,,FALSE,FALSE,FALSE
Zenith,03-9300-3620-15-i001,9200,9200,41,41,Stainless Steel,Stainless Steel,TRUE,TRUE,TRUE
Zenith,03-9400-670-15-i001,8700,8700,36,36,Stainless Steel,Stainless Steel,TRUE,TRUE,TRUE
Zenith,03-3103-3600-69-m3100,13200,13200,41,41,Stainless Steel With Tricolor Ceramic Bezel,Stainless Steel,TRUE,TRUE,TRUE
Zenith,03-9400-670-18-i001,8700,8700,36,36,Stainless Steel,Stainless Steel,TRUE,TRUE,TRUE
Zenith,03-3200-3600-34-c869,9800,9800,38,38,Stainless Steel,Stainless Steel,TRUE,TRUE,TRUE
Zenith,03-9300-3620-51-i001,9200,9200,41,41,Stainless Steel,Stainless Steel,TRUE,TRUE,TRUE
Zenith,3690-03-a3642-670-3690-m3642,7200,,37,,Stainless Steel,,FALSE,FALSE,FALSE
Zenith,03-3117-3600-56-m3100,12800,12800,41,41,Stainless Steel,Stainless Steel,TRUE,TRUE,TRUE
Zenith,03-4000-3652-21-i001,11800,11800,42.5,42.5,Stainless Steel,Stainless Steel,TRUE,TRUE,TRUE
Zenith,03-9300-3620-80-i001,11300,11300,41,41,Stainless Steel,Stainless Steel,TRUE,TRUE,TRUE
Zenith,03-3200-3600-51-m3200,10300,10300,38,38,Stainless Steel,Stainless Steel,TRUE,TRUE,TRUE
Zenith,03-9300-3620-21-i001,9200,9200,41,41,Stainless Steel,Stainless Steel,TRUE,TRUE,TRUE
Zenith,03-9400-670-51-i001,8700,8700,36,36,Stainless Steel,Stainless Steel,TRUE,TRUE,TRUE
Zenith,03-9400-670-61-i001,8700,8700,36,36,Stainless Steel,Stainless Steel,TRUE,TRUE,TRUE
Zenith,49-9300-3620-78-i001,17500,17500,41,41,Black Ceramic,Ceramic,TRUE,TRUE,TRUE
Zenith,03-3300-3604-51-m3300,10300,10300,39.5,39.5,Stainless Steel,Stainless Steel,TRUE,TRUE,TRUE
Zenith,03-4000-3620-21-i001,7800,7800,40,40,Stainless Steel,Stainless Steel,TRUE,TRUE,TRUE
Zenith,03-3200-3600-22-c908,9800,9800,38,38,Stainless Steel,Stainless Steel,TRUE,TRUE,TRUE
Zenith,16-9400-670-51-i001,12300,12300,36,36,Stainless Steel With Diamond-Set Bezel,Stainless Steel,TRUE,TRUE,TRUE
Zenith,3691-03-a3642-670-3691-m3642,7200,,37,,Stainless Steel,,FALSE,FALSE,FALSE
Zenith,49-9300-3620-21-i001,15500,15500,41,41,Black Ceramic,Ceramic,TRUE,TRUE,TRUE
Zenith,97-a3642-670-21-m3642,7700,7700,37,37,Microblasted Titanium,Titanium,TRUE,TRUE,TRUE
Zenith,03-9300-3620-79-i001,11300,11300,41,41,Stainless Steel,Stainless Steel,TRUE,TRUE,TRUE
Zenith,03-3100-3600-21-m3100,11300,11300,41,41,Stainless Steel With Black Ceramic Bezel,"Ceramic,Stainless Steel",TRUE,TRUE,TRUE
Zenith,49-4000-3620-21-i001,9900,9900,40,40,Black Microblasted Ceramic,Ceramic,TRUE,TRUE,TRUE
Zenith,03-9300-3620-78-i001,11300,11300,41,41,Stainless Steel,Stainless Steel,TRUE,TRUE,TRUE
Zenith,03-9300-3620-02-i001,9200,9200,41,41,Stainless Steel,Stainless Steel,TRUE,TRUE,TRUE
Zenith,03-3300-3604-69-m3300,10300,10300,39.5,39.5,Stainless Steel,Stainless Steel,TRUE,TRUE,TRUE
Zenith,10-9101-9004-60-i310,31000,31000,45,45,Full Carbon,,TRUE,TRUE,FALSE
Zenith,03-9300-3620-01-i001,9200,9200,41,41,Stainless Steel,Stainless Steel,TRUE,TRUE,TRUE
Zenith,10-9100-9004-22-i200,25800,25800,45,45,Carbon & Microblasted Titanium,"Titanium,Forged Carbon",TRUE,TRUE,TRUE
Zenith,49-9002-670-1-02-r796,11000,11000,41,41,White Ceramic,Ceramic,TRUE,TRUE,TRUE
Zenith,49-9000-670-1-22-r797,10000,10000,41,41,Black Ceramic,Ceramic,TRUE,TRUE,TRUE
Zenith,95-9201-9004-25-i001,26900,26900,45,45,Brushed Titanium & Chalcedony,Titanium,TRUE,TRUE,TRUE
Zenith,12-9100-9020-78-i200,82000,82000,45,45,Black Carbon & 18-Ct Rose Gold,,TRUE,TRUE,FALSE
Zenith,10-9100-9004-2-24-i301,27100,27100,45,45,Carbon & Microblasted Titanium,"Titanium,Carbon",TRUE,TRUE,TRUE
Zenith,95-9100-9020-78-i001,71600,71600,45,45,Brushed Titanium,Titanium,TRUE,TRUE,TRUE
Zenith,16-9400-670-15-i001,12300,12300,36,36,Stainless Steel With Diamond-Set Bezel,Stainless Steel,TRUE,TRUE,TRUE
Zenith,16-9400-670-18-i001,12300,12300,36,36,Stainless Steel With Diamond-Set Bezel,Stainless Steel,TRUE,TRUE,TRUE
Zenith,10-9100-9004-5-27-i307,27100,27100,45,45,Carbon & Microblasted Titanium,,TRUE,TRUE,FALSE
Zenith,16-9400-670-61-i001,12300,12300,36,36,Stainless Steel With Diamond-Set Bezel,Stainless Steel,TRUE,TRUE,TRUE
Zenith,18-3300-3604-69-c922,21900,21900,39.5,39.5,18-Ct Rose Gold,Rose Gold,TRUE,TRUE,TRUE
Zenith,10-9100-9004-4-26-i305,27100,27100,45,45,Carbon & Microblasted Titanium,,TRUE,TRUE,FALSE
Zenith,03-3200-3600-51-c902,9800,9800,38,38,Stainless Steel,Stainless Steel,TRUE,TRUE,TRUE
Zenith,18-3101-3600-69-m3100,39300,39300,41,41,18-Ct Rose Gold With Gold Bezel,Rose Gold,TRUE,TRUE,TRUE
Zenith,51-3100-3600-69-m3100,17500,17500,41,41,Stainless Steel & 18-Carat Rose Gold,"Rose Gold,Stainless Steel",TRUE,TRUE,TRUE
Zenith,03-3300-3604-21-c822,9800,9800,39.5,39.5,Stainless Steel,Stainless Steel,TRUE,TRUE,TRUE
Zenith,03-3300-3604-21-m3300,10300,10300,39.5,39.5,Stainless Steel,Stainless Steel,TRUE,TRUE,TRUE
Zenith,03-3300-3604-69-c823,9800,9800,39.5,39.5,Stainless Steel,Stainless Steel,TRUE,TRUE,TRUE
Zenith,03-9100-9004-49-i210,30200,30200,45,45,Polished Stainless Steel & Blue Yas,Stainless Steel,TRUE,TRUE,TRUE
Zenith,788-ic-925,,,38,,Stainless Steel,,FALSE,FALSE,FALSE
Zenith,01-0140-415-ic-926,,,38,,Stainless Steel,,FALSE,FALSE,FALSE
Zenith,18-3101-3600-21-m3100,39300,39300,41,41,18-Ct Rose Gold With Gold Bezel,Rose Gold,TRUE,TRUE,TRUE
Zenith,01-0040-418-b-ic-927,,,38,,Stainless Steel,,FALSE,FALSE,FALSE
Zenith,10-9100-9004-1-23-i303,27100,27100,45,45,Carbon & Microblasted Titanium,"Titanium,Forged Carbon",TRUE,TRUE,TRUE
Zenith,3642-03-a3642-670-75-m3642,7200,,37,,Stainless Steel,,FALSE,FALSE,FALSE
Zenith,3818-airweight-cover-girl-95-a3818-400-51-m3818,10400,,37,,Brushed Titanium,,FALSE,FALSE,FALSE
Zenith,16-9200-670-33-mi001,11800,11800,36,36,Stainless Steel With Diamond-Set Bezel,Stainless Steel,TRUE,TRUE,TRUE
Zenith,16-9200-670-34-mi001,11800,11800,36,36,Stainless Steel With Diamond-Set Bezel,Stainless Steel,TRUE,TRUE,TRUE
Zenith,384-lupin-the-third-final-edition-95-l384-400-50-m384,10000,,37,,Brushed Titanium,,FALSE,FALSE,FALSE
Zenith,04-9000-8812-00-r920,166000,166000,46,44,Sapphire,,TRUE,FALSE,FALSE
Zenith,97-g383-400-38-c881,10000,10000,38,38,Microblasted Titanium,Titanium Gold,TRUE,TRUE,TRUE
Zenith,04-9000-9020-00-r920,186800,186800,46,44,Sapphire,,TRUE,FALSE,FALSE
Zenith,97-9000-670-26-m9000,9000,9000,41,41,Microblasted Titanium,Titanium,TRUE,TRUE,TRUE
Zenith,381-ic-907,,,38,,18-Ct Yellow Gold,,FALSE,FALSE,FALSE
Zenith,382-ic-909,,,38,,18-Ct Yellow Gold,,FALSE,FALSE,FALSE
Zenith,384-ic-908,,,37,,Stainless Steel,,FALSE,FALSE,FALSE
Zenith,581-ic-840,,,37,,18-Ct Yellow Gold,,FALSE,FALSE,FALSE
Zenith,582-ic-857,,,37,,18-Ct Yellow Gold,,FALSE,FALSE,FALSE
Zenith,386-ic-858,,,38,,Stainless Steel,,FALSE,FALSE,FALSE
Zenith,386-ic-839,,,38,,Stainless Steel,,FALSE,FALSE,FALSE
Zenith,95-9200-9004-77-i001,22000,22000,45,45,Brushed Titanium & Falcon'S Eye Gemstone,Titanium,TRUE,TRUE,TRUE
Zenith,03-3200-3600-69-c902,9800,9800,38,38,Stainless Steel,Stainless Steel,TRUE,TRUE,TRUE
Zenith,97-t384-400-57-c856,9200,9200,37,37,Microblasted Titanium,Titanium Gold,TRUE,TRUE,TRUE
Zenith,3817-03-a384-400-3817-m3817,9200,,37,,Stainless Steel,,FALSE,FALSE,FALSE
Zenith,97-9100-9004-02-i001,18600,18600,45,45,Microblasted Titanium,Titanium,TRUE,TRUE,TRUE
Zenith,95-9100-9004-01-i001,18600,18600,45,45,Brushed Titanium,Titanium,TRUE,TRUE,TRUE
Zenith,03-3200-3600-21-c903,9800,9800,38,38,Stainless Steel,Stainless Steel,TRUE,TRUE,TRUE
Zenith,18-3100-3600-69-c920,23000,23000,41,41,18-Ct Rose Gold With Black Ceramic Bezel,"Ceramic,Rose Gold",TRUE,TRUE,TRUE
Zenith,3817-03-a384-400-3817-c855,8700,,37,,Stainless Steel,,FALSE,FALSE,FALSE
Zenith,87-9100-9004-03-i001,22700,22700,45,45,Microblasted Titanium & Rose Gold,"Titanium,Rose Gold",TRUE,TRUE,TRUE
Zenith,21-ultrablue-97-9001-9004-81-r946,14000,,44,,Microblasted Titanium,,FALSE,FALSE,FALSE
Zenith,10-9001-670-80-m9000,20100,20100,41,41,Black Carbon,"Titanium,Carbon",TRUE,TRUE,TRUE
Zenith,21-black-white-edition-49-9007-9004-11-r923,14500,,44,,Black Matte Ceramic With White Ceramic Bezel,,FALSE,FALSE,FALSE
Zenith,03-3100-692-01-c922,7200,7200,40.5,40.5,Stainless Steel,Stainless Steel,TRUE,TRUE,TRUE
Zenith,21-ultraviolet-97-9001-9004-80-r922,14000,,44,,Microblasted Titanium,,FALSE,FALSE,FALSE
Zenith,97-t384-4061-21-c822,9200,9200,37,37,Microblasted Titanium,Titanium,TRUE,TRUE,TRUE
Zenith,21-patrick-mouratoglou-10-9000-9004-m99-r939,19100,,44,,Black Carbon,,FALSE,FALSE,FALSE
Zenith,384-03-a384-400-21-m384,9200,,37,,Stainless Steel,,FALSE,FALSE,FALSE
Zenith,21-carl-cox-10-9001-9004-99-r941,19700,,44,,Black Carbon,,FALSE,FALSE,FALSE
Zenith,03-3100-670-02-c922,6100,6100,40.5,40.5,Stainless Steel,Stainless Steel,TRUE,TRUE,TRUE
Zenith,21-10-9000-9004-96-r921,19600,,44,,Black Carbon,,FALSE,FALSE,FALSE
Zenith,18-3100-692-01-c922,15500,15500,40.5,40.5,18-Ct Rose Gold,Rose Gold,TRUE,TRUE,TRUE
Zenith,22-3200-692-01-c832,17500,17500,36,36,Rose Gold With Diamond-Set Bezel,Rose Gold,TRUE,TRUE,TRUE
Zenith,16-3200-670-02-c832,8200,8200,36,40.5,Stainless Steel With Diamond-Set Bezel,Stainless Steel,TRUE,FALSE,TRUE
Zenith,21-18-9000-9004-71-m9000,48300,,44,,18-Ct Rose Gold,,FALSE,FALSE,FALSE
Zenith,95-9000-8812-78-m9000,103700,103700,44,44,Brushed Titanium,Titanium,TRUE,TRUE,TRUE
Zenith,40-9000-9020-78-r582,155500,155500,46,44,Platinum 950,,TRUE,FALSE,FALSE
Zenith,95-9000-8812-78-r584,102600,102600,44,44,Brushed Titanium,Titanium,TRUE,TRUE,TRUE
Zenith,40-9000-4805-75-r582,106600,106600,45,44,Platinum 950,,TRUE,FALSE,FALSE
Zenith,18-9000-8812-79-m9000,134800,134800,44,44,18-Ct Rose Gold,Rose Gold,TRUE,TRUE,TRUE
Zenith,18-9000-8812-79-r584,119200,119200,44,44,18-Ct Rose Gold,Rose Gold,TRUE,TRUE,TRUE
Zenith,384-03-a384-400-21-c815,8700,,37,,Stainless Steel,,FALSE,FALSE,FALSE
Zenith,18-3100-670-01-c920,14400,14400,40.5,40.5,18-Ct Rose Gold,Rose Gold,TRUE,TRUE,TRUE
Zenith,22-3200-670-01-c831,16500,16500,36,40.5,Rose Gold With Diamond-Set Bezel,Rose Gold,TRUE,FALSE,TRUE
Zenith,03-3100-692-03-c923,7200,7200,40.5,40.5,Stainless Steel,Stainless Steel,TRUE,TRUE,TRUE
Zenith,16-3200-692-03-c833,9200,9200,36,36,Stainless Steel With Diamond-Set Bezel,Stainless Steel,TRUE,TRUE,TRUE
Zenith,16-3200-670-01-c831,8200,8200,36,40.5,Stainless Steel With Diamond-Set Bezel,Stainless Steel,TRUE,FALSE,TRUE
Zenith,16-3200-692-01-c832,9200,9200,36,36,Stainless Steel With Diamond-Set Bezel,Stainless Steel,TRUE,TRUE,TRUE
Zenith,03-3100-670-01-c922,6100,6100,40.5,40.5,Stainless Steel,Stainless Steel,TRUE,TRUE,TRUE
Zenith,385-03-a384-400-385-c855,8700,,37,,Stainless Steel,,FALSE,FALSE,FALSE
Zenith,385-03-a384-400-385-m385,9200,,37,,Stainless Steel,,FALSE,FALSE,FALSE
Zenith,384-ic-833,,,37,,Stainless Steel,,FALSE,FALSE,FALSE
Zenith,385-ic-834,,,37,,Stainless Steel,,FALSE,FALSE,FALSE
Zenith,386-ic-835,,,,,Nan,,FALSE,FALSE,FALSE
Zenith,384-ic-837,,,37,,Stainless Steel,,FALSE,FALSE,FALSE
Zenith,385-ic-838,,,37,,Stainless Steel,,FALSE,FALSE,FALSE
Zenith,3818-ic-836,,,37,,Stainless Steel,,FALSE,FALSE,FALSE
Zenith,381-ic-847,,,38,,18-Ct Yellow Gold,,FALSE,FALSE,FALSE
Zenith,03-3200-3600-69-m3200,10300,10300,38,38,Stainless Steel,Stainless Steel,TRUE,TRUE,TRUE
Zenith,18-3200-3600-69-c901,21900,21900,38,38,18-Ct Rose Gold,Rose Gold,TRUE,TRUE,TRUE
Zenith,03-3200-3600-21-m3200,10300,10300,38,38,Stainless Steel,Stainless Steel,TRUE,TRUE,TRUE
Zenith,386-ic-848,,,38,,Stainless Steel,,FALSE,FALSE,FALSE
Zenith,277-ic-849,,,40.5,,Stainless Steel,,FALSE,FALSE,FALSE
Zenith,850,,,40,,Stainless Steel,,FALSE,FALSE,FALSE
Zenith,384-ic-928,40300,,37,,Stainless Steel,,FALSE,FALSE,FALSE
Zenith,01-0230-415-ic-929,25900,,,,Stainless Steel,,FALSE,FALSE,FALSE
Zenith,3821-ic-930,16100,,,,Stainless Steel,,FALSE,FALSE,FALSE
Zenith,931,20100,,42.5,,Stainless Steel,,FALSE,FALSE,FALSE
Zenith,49-4001-3652-63-i001,15500,15500,42,42.5,Khaki Green Ceramic,Ceramic,TRUE,FALSE,TRUE
Zenith,49-4001-3620-63-i001,11300,11300,40,40,Khaki Green Ceramic,Ceramic,TRUE,TRUE,TRUE
Piaget,G0A41208,68500,68500,38,38,"White Gold, Diamond",White Gold,TRUE,TRUE,TRUE
Piaget,G0A41209,68500,68500,38,38,"White Gold, Diamond",White Gold,TRUE,TRUE,TRUE
Piaget,G0A41212,48500,48500,32,32,"White Gold, Diamond",White Gold,TRUE,TRUE,TRUE
Piaget,G0A41213,46200,46200,32,32,"Rose Gold, Diamond",Rose Gold,TRUE,TRUE,TRUE
Piaget,G0A42213,35400,35400,26,26,"Rose Gold, Diamond",Rose Gold,TRUE,TRUE,TRUE
Piaget,G0A41002,14500,14500,42,42,Steel,Stainless Steel,TRUE,TRUE,TRUE
Piaget,G0A41003,14500,14500,42,42,Steel,Stainless Steel,TRUE,TRUE,TRUE
Piaget,G0A41006,20400,20400,42,42,Steel,Stainless Steel,TRUE,TRUE,TRUE
Piaget,G0A43001,12900,12900,42,42,Steel,Stainless Steel,TRUE,TRUE,TRUE
Piaget,G0A43002,19300,19300,42,42,Steel,Stainless Steel,TRUE,TRUE,TRUE
Piaget,G0A43010,31900,31900,42,42,Rose Gold,Rose Gold,TRUE,TRUE,TRUE
Piaget,G0A43011,40600,40600,42,42,Rose Gold,Rose Gold,TRUE,TRUE,TRUE
Piaget,G0A43080,5600,5600,29,29,"Steel, Diamond","Setting,Diamonds",TRUE,TRUE,TRUE
Piaget,G0A43090,6150,6150,34,34,"Steel, Diamond","Setting,Diamonds",TRUE,TRUE,TRUE
Piaget,G0A37041,57000,57000,26,26,"White Gold, Diamond",White Gold,TRUE,TRUE,TRUE
Piaget,G0A37043,69500,69500,26,26,"White Gold, Diamond, Blue Sapphire",White Gold,TRUE,TRUE,TRUE
Piaget,G0A37047,87500,87500,34,34,"White Gold, Diamond, Blue Sapphire",White Gold,TRUE,TRUE,TRUE
Piaget,G0A40211,65000,65000,22,2722,"White Gold, Diamond",White Gold,TRUE,FALSE,TRUE
Piaget,G0A40212,62500,62500,22,27,"Rose Gold, Diamond",Rose Gold,TRUE,FALSE,TRUE
Piaget,G0A32018,83500,83500,42,42,"White Gold, Diamond",White Gold,TRUE,TRUE,TRUE
Piaget,G0A32020,82500,82500,42,42,"Rose Gold, Diamond","White,Rose Gold",TRUE,TRUE,TRUE
Piaget,G0A39193,62500,62500,38,2738,"White Gold, Diamond",White Gold,TRUE,FALSE,TRUE
Piaget,G0A44010,49900,49900,42,42,"Rose Gold, Diamond",Rose Gold,TRUE,TRUE,TRUE
Piaget,G0A44011,78000,78000,42,42,"Rose Gold, Diamond",Rose Gold,TRUE,TRUE,TRUE
Piaget,G0A44212,37100,37100,26,26,"White Gold, Diamond","Setting,Diamonds",TRUE,TRUE,TRUE
Piaget,G0A44298,37100,37100,29,29,"White Gold, Diamond","Setting,Diamonds",TRUE,TRUE,TRUE
Piaget,G0A44299,40600,40600,34,34,"White Gold, Diamond","Setting,Diamonds",TRUE,TRUE,TRUE
Piaget,G0A44081,10300,10300,29,29,"Rose Gold, Diamond",Rose Gold,TRUE,TRUE,TRUE
Piaget,G0A44091,11900,11900,34,34,"Rose Gold, Diamond",Rose Gold,TRUE,TRUE,TRUE
Piaget,G0A44292,20400,20400,34,34,"Rose Gold, Diamond",Rose Gold,TRUE,TRUE,TRUE
Piaget,G0A44532,15700,15700,24,24,"White Gold, Diamond",White Gold,TRUE,TRUE,TRUE
Piaget,G0A44534,14500,14500,24,24,"Rose Gold, Diamond",Rose Gold,TRUE,TRUE,TRUE
Piaget,G0A43150,25600,25600,26,26,"White Gold, Diamond",White Gold,TRUE,TRUE,TRUE
Piaget,G0A43151,24400,24400,26,26,"Rose Gold, Diamond",Rose Gold,TRUE,TRUE,TRUE
Piaget,G0A45162,35300,35300,32,32,"White Gold, Diamond",White Gold,TRUE,TRUE,TRUE
Piaget,G0A45402,27300,27300,40,40,White Gold,White Gold,TRUE,TRUE,TRUE
Piaget,G0A45082,24600,24600,29,29,"Rose Gold, Diamond",Rose Gold,TRUE,TRUE,TRUE
Piaget,G0A45363,64500,64500,32,32,"White Gold, Diamond, Blue Sapphire",White Gold,TRUE,TRUE,TRUE
Piaget,G0A45050,19800,19800,38,38,Rose Gold,Rose Gold,TRUE,TRUE,TRUE
Piaget,G0A45152,25200,25200,26,26,"White Gold, Diamond",White Gold,TRUE,TRUE,TRUE
Piaget,G0A45400,26100,26100,40,40,Rose Gold,Rose Gold,TRUE,TRUE,TRUE
Piaget,G0A45403,37100,37100,40,40,"White Gold, Diamond",White Gold,TRUE,TRUE,TRUE
Piaget,G0A45401,36000,36000,40,40,"Rose Gold, Diamond",Rose Gold,TRUE,TRUE,TRUE
Piaget,G0A45180,60500,60500,32,32,"White Gold, Diamond",White Gold,TRUE,TRUE,TRUE
Piaget,G0A45406,27500,27500,35,35,"Rose Gold, Diamond",Rose Gold,TRUE,TRUE,TRUE
Piaget,G0A45405,20300,20300,35,35,Rose Gold,Rose Gold,TRUE,TRUE,TRUE
Piaget,G0A45004,30200,30200,42,42,Steel,Stainless Steel,TRUE,TRUE,TRUE
Piaget,G0A45001,30200,30200,42,42,Steel,Stainless Steel,TRUE,TRUE,TRUE
Piaget,G0A45121,46400,46400,41,41,"White Gold, Diamond",White Gold,TRUE,TRUE,TRUE
Piaget,G0A45062,12800,12800,29,29,"Rose Gold, Diamond",Rose Gold,TRUE,TRUE,TRUE
Piaget,G0A45072,15100,15100,34,34,"Rose Gold, Diamond",Rose Gold,TRUE,TRUE,TRUE
Piaget,G0A45123,37100,37100,41,41,White Gold,White Gold,TRUE,TRUE,TRUE
Piaget,G0A45037,81500,81500,18,18,"White Gold, Diamond",White Gold,TRUE,TRUE,TRUE
Piaget,G0A46151,24500,24500,26,26,"Rose Gold, Diamond",Rose Gold,TRUE,TRUE,TRUE
Piaget,G0A46182,72500,72500,32,32,"Rose Gold, Diamond, Pink Sapphire",Rose Gold,TRUE,TRUE,TRUE
Piaget,G0A46180,74000,74000,32,32,"White Gold, Diamond",White Gold,TRUE,TRUE,TRUE
Piaget,G0A46009,51000,51000,42,42,Rose Gold,Rose Gold,TRUE,TRUE,TRUE
Piaget,G0A46010,70000,70000,42,42,"White Gold, Diamond",White Gold,TRUE,TRUE,TRUE
Piaget,G0A46019,23100,23100,36,36,"Steel, Diamond",Stainless Steel,TRUE,TRUE,TRUE
Piaget,G0A46020,53500,53500,36,36,"Rose Gold, Diamond",Rose Gold,TRUE,TRUE,TRUE
Piaget,G0A46023,39700,39700,36,36,"Rose Gold, Diamond",Rose Gold,TRUE,TRUE,TRUE
Piaget,G0A46024,68000,68000,36,36,"White Gold, Diamond",White Gold,TRUE,TRUE,TRUE
Piaget,G0A46018,15500,15500,36,36,"Steel, Diamond",Stainless Steel,TRUE,TRUE,TRUE
Piaget,G0A46540,67500,67500,38,38,"White Gold, Diamond",White Gold,TRUE,TRUE,TRUE
Piaget,G0A47151,17300,17300,26,26,"Rose Gold, Diamond",Rose Gold,TRUE,TRUE,TRUE
Piaget,G0A47008,30200,30200,42,42,Steel,Stainless Steel,TRUE,TRUE,TRUE
Piaget,G0A47162,56500,56500,32,32,"White Gold, Diamond",White Gold,TRUE,TRUE,TRUE
Piaget,G0A47104,39100,39100,36,36,"Rose Gold, Diamond",Rose Gold,TRUE,TRUE,TRUE
Piaget,G0A47161,28800,28800,32,32,"Rose Gold, Diamond",Rose Gold,TRUE,TRUE,TRUE
Piaget,G0A47014,12900,12900,42,42,Steel,Stainless Steel,TRUE,TRUE,TRUE
Piaget,G0A47010,31900,31900,42,42,Rose Gold,Rose Gold,TRUE,TRUE,TRUE
Piaget,G0A47181,72500,72500,32,32,"Rose Gold, Diamond",Rose Gold,TRUE,TRUE,TRUE
Piaget,G0A47124,45300,45300,41,41,"Rose Gold, Diamond",Rose Gold,TRUE,TRUE,TRUE
Piaget,G0A47105,58000,58000,36,36,"White Gold, Diamond",White Gold,TRUE,TRUE,TRUE
Piaget,G0A47027,23100,23100,36,36,"Steel, Diamond",Stainless Steel,TRUE,TRUE,TRUE
Piaget,G0A46086,39500,39500,29,29,"White Gold, Diamond",White Gold,TRUE,TRUE,TRUE
Piaget,G0A46063,26500,26500,29,29,"Rose Gold, Diamond",Rose Gold,TRUE,TRUE,TRUE
Piaget,G0A46073,30200,30200,34,34,"Rose Gold, Diamond",Rose Gold,TRUE,TRUE,TRUE
Piaget,G0A47540,67500,67500,38,38,"White Gold, Diamond",White Gold,TRUE,TRUE,TRUE
Piaget,G0A47017,13400,13400,36,36,Steel,Stainless Steel,TRUE,TRUE,TRUE
Piaget,G0A48005,60000,60000,42,42,Steel,Stainless Steel,TRUE,TRUE,TRUE
Piaget,G0A48080,8350,8350,29,29,"Steel, Diamond",Stainless Steel,TRUE,TRUE,TRUE
Piaget,G0A48090,9550,9550,34,34,"Steel, Diamond",Stainless Steel,TRUE,TRUE,TRUE
Piaget,G0A48006,77500,77500,42,42,Rose Gold,Rose Gold,TRUE,TRUE,TRUE
Piaget,G0A48007,,,42,42,"White Gold, Sapphire",White Gold,FALSE,TRUE,TRUE
Piaget,G0A48213,52500,52500,32,32,"Rose Gold, Diamond","Diamonds,Brilliant Cut",TRUE,TRUE,TRUE
Piaget,G0A48212,54000,54000,32,32,"White Gold, Diamond",White Gold,TRUE,TRUE,TRUE
Piaget,G0A48360,42100,42100,32,32,"White Gold, Diamond",White Gold,TRUE,TRUE,TRUE
Piaget,G0A48361,41000,41000,32,32,"Rose Gold, Diamond",Rose Gold,TRUE,TRUE,TRUE
Piaget,G0A48362,56000,56000,32,32,"White Gold, Diamond",White Gold,TRUE,TRUE,TRUE
Piaget,G0A48390,7650,7650,34,34,Diamond,Stainless Steel,TRUE,TRUE,TRUE
Piaget,G0A48214,54500,54500,32,32,"Rose Gold, Diamond",Rose Gold,TRUE,TRUE,TRUE
Piaget,G0A48125,36000,36000,41,41,Rose Gold,Rose Gold,TRUE,TRUE,TRUE
Piaget,G0A48022,12900,12900,42,42,Steel,Stainless Steel,TRUE,TRUE,TRUE
Piaget,G0A48026,29000,29000,36,36,"Steel, Rose Gold, Diamond","Stainless Steel,Rose Gold",TRUE,TRUE,TRUE
Piaget,G0A48024,19300,19300,42,42,Steel,Stainless Steel,TRUE,TRUE,TRUE
Piaget,G0A48168,75000,75000,26,26,"Rose Gold, Diamond",Gold,TRUE,TRUE,TRUE
Piaget,G0A49150,73000,,38,38,Nan,Gold,FALSE,TRUE,TRUE
Piaget,G0A48380,7000,7000,29,29,Diamond,Stainless Steel,TRUE,TRUE,TRUE
Piaget,G0A49028,21600,21600,36,36,"Steel, Diamond",Stainless Steel,TRUE,TRUE,TRUE
Piaget,G0A48021,31900,31900,42,42,Rose Gold,Rose Gold,TRUE,TRUE,TRUE
Piaget,G0A49024,20400,20400,42,42.4,Steel,Stainless Steel,TRUE,FALSE,TRUE
Piaget,G0A49213,52500,52500,32,32,"Rose Gold, Diamond",Rose Gold,TRUE,TRUE,TRUE
Piaget,G0A49360,42900,42900,32,32,"White Gold, Diamond",White Gold,TRUE,TRUE,TRUE
Piaget,G0A49022,14500,14500,42,42,Steel,Stainless Steel,TRUE,TRUE,TRUE
Piaget,G0A49029,53500,53500,36,36,"Rose Gold, Diamond",Rose Gold,TRUE,TRUE,TRUE
Piaget,G0A49011,42900,42900,42,42,Nan,"Titanium,Ceramic",TRUE,TRUE,TRUE
Piaget,G0A50028,15500,15500,36,36,"Steel, Diamond",Stainless Steel,TRUE,TRUE,TRUE
Audemars Piguet,26398BC.OO.D002CR.02,,14732000,42,42,18-Carat White Gold,White Gold,FALSE,TRUE,TRUE
Audemars Piguet,26398BC.OO.D002CR.04,,13351000,42,42,18-Carat White Gold,White Gold,FALSE,TRUE,TRUE
Audemars Piguet,26395NR.OO.D002KB.01,,2993000,41,41,Black Ceramic,"Ceramic,Rose Gold",FALSE,TRUE,TRUE
Audemars Piguet,26399NB.OO.D009KB.01,,,41,41,Black Ceramic,Ceramic,FALSE,TRUE,TRUE
Audemars Piguet,26396NB.OO.D002KB.01,,1351000,41,41,Black Ceramic,"White Gold,Ceramic",FALSE,TRUE,TRUE
Audemars Piguet,26396NR.OO.D002KB.01,,1351000,41,41,Black Ceramic,"Ceramic,Rose Gold",FALSE,TRUE,TRUE
Audemars Piguet,26394BC.OO.D027KB.01,109300,109300,41,41,18-Carat White Gold,White Gold,TRUE,TRUE,TRUE
Audemars Piguet,15212NB.OO.A002KB.01-AB,59600,59600,41,41,Black Ceramic,Ceramic,TRUE,TRUE,TRUE
Audemars Piguet,26393BC.OO.A002KB.01,49700,49700,41,41,18-Carat White Gold,White Gold,TRUE,TRUE,TRUE
Audemars Piguet,26393BC.OO.A002KB.02,85600,85600,41,41,18-Carat White Gold,White Gold,TRUE,TRUE,TRUE
Audemars Piguet,26393CR.OO.A002KB.01,49700,49700,41,41,18-Carat Pink Gold,"White Gold,Rose Gold",TRUE,TRUE,TRUE
Audemars Piguet,26393CR.OO.A008KB.01,49700,49700,41,41,18-Carat Pink Gold,White Gold,TRUE,TRUE,TRUE
Audemars Piguet,26393NB.OO.A002KB.01,49700,49700,41,41,Black Ceramic,"Ceramic,White Gold",TRUE,TRUE,TRUE
Audemars Piguet,26393NR.OO.A002KB.01,49700,49700,41,41,Black Ceramic,"Pink Gold,Ceramic",TRUE,TRUE,TRUE
Audemars Piguet,26393NR.OO.A002KB.02,49700,49700,41,41,Black Ceramic,"Ceramic,Rose Gold",TRUE,TRUE,TRUE
Audemars Piguet,26393OR.OO.A056KB.01,49700,49700,41,41,18-Carat Pink Gold,Rose Gold,TRUE,TRUE,TRUE
Audemars Piguet,26393OR.OO.A348KB.01,49700,49700,41,41,18-Carat Pink Gold,Rose Gold,TRUE,TRUE,TRUE
Audemars Piguet,26393QT.OO.A064KB.01,38500,38500,41,41,Black Ceramic,"Ceramic,Stainless Steel",TRUE,TRUE,TRUE
Audemars Piguet,26393ST.OO.A056KB.01,36000,36000,41,41,Stainless Steel,Stainless Steel,TRUE,TRUE,TRUE
Audemars Piguet,26393ST.OO.A348KB.01,36000,36000,41,41,Stainless Steel,Stainless Steel,TRUE,TRUE,TRUE
Audemars Piguet,15210OR.OO.A002KB.02,35400,35400,41,41,18-Carat Pink Gold,Pink Gold,TRUE,TRUE,TRUE
Audemars Piguet,15210OR.OO.A002KB.03,35400,35400,41,41,18-Carat Pink Gold,Pink Gold,TRUE,TRUE,TRUE
Audemars Piguet,15210OR.OO.A056KB.01,35400,35400,41,41,18-Carat Pink Gold,Rose Gold,TRUE,TRUE,TRUE
Audemars Piguet,15210OR.OO.A348KB.01,35400,35400,41,41,18-Carat Pink Gold,Rose Gold,TRUE,TRUE,TRUE
Audemars Piguet,15210QT.OO.A064KB.01,28600,28600,41,41,Black Ceramic,"Ceramic,Stainless Steel",TRUE,TRUE,TRUE
Audemars Piguet,15210ST.OO.A056KB.01,26100,26100,41,41,Stainless Steel,Stainless Steel,TRUE,TRUE,TRUE
Audemars Piguet,15210ST.OO.A348KB.01,26100,26100,41,41,Stainless Steel,Stainless Steel,TRUE,TRUE,TRUE
Audemars Piguet,15210BC.OO.A002KB.02,50900,50900,41,41,18-Carat White Gold,White Gold,TRUE,TRUE,TRUE
Audemars Piguet,15210BC.ZZ.D128CR.01,,824000,41,41,18-Carat White Gold,White Gold,FALSE,TRUE,TRUE
Audemars Piguet,77410OR.OO.A342CR.01,34200,34200,38,38,18-Carat Pink Gold,Rose Gold,TRUE,TRUE,TRUE
Audemars Piguet,77410OR.OO.A344CR.01,34200,34200,38,38,18-Carat Pink Gold,Rose Gold,TRUE,TRUE,TRUE
Audemars Piguet,77410OR.OO.A623CR.01,34200,34200,38,38,18-Carat Pink Gold,Rose Gold,TRUE,TRUE,TRUE
Audemars Piguet,77410OR.OO.A825CR.01,34200,34200,38,38,18-Carat Pink Gold,Pink Gold,TRUE,TRUE,TRUE
Audemars Piguet,77410BC.ZZ.D132CR.01,103700,103700,38,38,18-Carat White Gold,White Gold,TRUE,TRUE,TRUE
Audemars Piguet,77410OR.ZZ.D343CR.01,103700,103700,38,38,18-Carat Pink Gold,Rose Gold,TRUE,TRUE,TRUE
Audemars Piguet,26605CB.OO.1248CB.01,,7309000,44,44,White Ceramic,Ceramic,FALSE,TRUE,TRUE
Audemars Piguet,26605CE.OO.1248CE.01,,7309000,44,44,Black Ceramic,Ceramic,FALSE,TRUE,TRUE
Audemars Piguet,26591CE.OO.D002CA.01,,3223000,42,42,Black Ceramic,Ceramic,FALSE,TRUE,TRUE
Audemars Piguet,26591CE.OO.D002CA.02,,3315000,42,42,Black Ceramic,Ceramic,FALSE,TRUE,TRUE
Audemars Piguet,26591TI.OO.1252TI.03,,3138000,42,42,Titanium,Titanium,FALSE,TRUE,TRUE
Audemars Piguet,26730BA.OO.1320BA.01,,,41,41,18-Carat Yellow Gold,Yellow Gold,FALSE,TRUE,TRUE
Audemars Piguet,26730BA.ZZ.1320BA.01,,,41,41,18-Carat Yellow Gold,Yellow Gold,FALSE,TRUE,TRUE
Audemars Piguet,26730OR.OO.1320OR.05,,,41,41,18-Carat Pink Gold,Rose Gold,FALSE,TRUE,TRUE
Audemars Piguet,26730ST.OO.1320ST.05,,318549,41,41,Stainless Steel,Stainless Steel,FALSE,TRUE,TRUE
Audemars Piguet,26730TI.OO.1320TI.02,,1351000,41,41,Titanium,Titanium,FALSE,TRUE,TRUE
Audemars Piguet,26735SG.OO.1320SG.01,,2304000,41,41,18-Carat Sand Gold,Sand Gold,FALSE,TRUE,TRUE
Audemars Piguet,26574BC.OO.1220BC.01,,1377000,41,41,18-Carat White Gold,White Gold,FALSE,TRUE,TRUE
Audemars Piguet,26574BC.OO.1220BC.02,,1321000,41,41,18-Carat White Gold,White Gold,FALSE,TRUE,TRUE
Audemars Piguet,26574OR.OO.1220OR.03,,1197000,41,41,18-Carat Pink Gold,Pink Gold,FALSE,TRUE,TRUE
Audemars Piguet,26579CS.OO.1225CS.01,,1197000,41,41,Blue Ceramic,Ceramic,FALSE,TRUE,TRUE
Audemars Piguet,26585CE.OO.1225CE.01,,1474000,41,41,Black Ceramic,"Titanium,Ceramic",FALSE,TRUE,TRUE
Audemars Piguet,26585CM.OO.D301VE.01,,1641000,41,41,Brown Ceramic,Ceramic,FALSE,TRUE,TRUE
Audemars Piguet,26586TI.OO.1240TI.01,,1262000,41,41,Titanium,Titanium,FALSE,TRUE,TRUE
Audemars Piguet,26598BC.ZZ.1220BC.01,,1906000,41,41,18-Carat White Gold,White Gold,FALSE,TRUE,TRUE
Audemars Piguet,26240BA.OO.1320BA.02,78200,78200,41,41,18-Carat Yellow Gold,Gold,TRUE,TRUE,TRUE
Audemars Piguet,26240BC.GG.1324BC.02,93800,93800,41,41,18-Carat White Gold,White Gold,TRUE,TRUE,TRUE
Audemars Piguet,26240BC.OO.1320BC.01,96900,96900,41,41,18-Carat White Gold,White Gold,TRUE,TRUE,TRUE
Audemars Piguet,26240BC.SS.1320BC.01,,1204000,41,41,18-Carat White Gold,White Gold,FALSE,TRUE,TRUE
Audemars Piguet,26240CE.OO.1225CE.02,78200,78200,41,41,Black Ceramic,Ceramic,TRUE,TRUE,TRUE
Audemars Piguet,26240OR.OO.1320OR.05,78200,78200,41,41,18-Carat Pink Gold,Rose Gold,TRUE,TRUE,TRUE
Audemars Piguet,26240OR.OO.1320OR.08,78200,78200,41,41,18-Carat Pink Gold,Rose Gold,TRUE,TRUE,TRUE
Audemars Piguet,26240OR.OO.D002CR.02,53400,53400,41,41,18-Carat Pink Gold,Rose Gold,TRUE,TRUE,TRUE
Audemars Piguet,26240OR.OO.D315CR.02,53400,53400,41,41,18-Carat Pink Gold,Rose Gold,TRUE,TRUE,TRUE
Audemars Piguet,26240OR.OO.D404CR.02,53400,53400,41,41,18-Carat Pink Gold,Rose Gold,TRUE,TRUE,TRUE
Audemars Piguet,26240ST.OO.1320ST.05,38500,38500,41,41,Stainless Steel,Stainless Steel,TRUE,TRUE,TRUE
Audemars Piguet,26240ST.OO.1320ST.06,38500,38500,41,41,Stainless Steel,Stainless Steel,TRUE,TRUE,TRUE
Audemars Piguet,26240ST.OO.1320ST.07,38500,38500,41,41,Stainless Steel,Stainless Steel,TRUE,TRUE,TRUE
Audemars Piguet,26240ST.OO.1320ST.08,38500,38500,41,41,Stainless Steel,Stainless Steel,TRUE,TRUE,TRUE
Audemars Piguet,26242OR.ZZ.1322OR.02,,1539000,41,41,18-Carat Pink Gold,Rose Gold,FALSE,TRUE,TRUE
Audemars Piguet,26240BA.OO.1320BA.01,93100,93100,41,41,18-Carat Yellow Gold,Gold,TRUE,TRUE,TRUE
Audemars Piguet,15510BC.OO.1320BC.02,65800,65800,41,41,18-Carat White Gold,White Gold,TRUE,TRUE,TRUE
Audemars Piguet,15510OR.OO.1320OR.03,65800,65800,41,41,18-Carat Pink Gold,Rose Gold,TRUE,TRUE,TRUE
Audemars Piguet,15510OR.OO.1320OR.04,65800,65800,41,41,18-Carat Pink Gold,Rose Gold,TRUE,TRUE,TRUE
Audemars Piguet,15510OR.OO.D002CR.02,43500,43500,41,41,18-Carat Pink Gold,Rose Gold,TRUE,TRUE,TRUE
Audemars Piguet,15510OR.OO.D315CR.02,43500,43500,41,41,18-Carat Pink Gold,Rose Gold,TRUE,TRUE,TRUE
Audemars Piguet,15510ST.OO.1320ST.06,28600,28600,41,41,Stainless Steel,Stainless Steel,TRUE,TRUE,TRUE
Audemars Piguet,15510ST.OO.1320ST.07,28600,28600,41,41,Stainless Steel,Stainless Steel,TRUE,TRUE,TRUE
Audemars Piguet,15510ST.OO.1320ST.08,28600,28600,41,41,Stainless Steel,Stainless Steel,TRUE,TRUE,TRUE
Audemars Piguet,15510ST.OO.1320ST.09,28600,28600,41,41,Stainless Steel,Stainless Steel,TRUE,TRUE,TRUE
Audemars Piguet,15510ST.OO.1320ST.10,28600,28600,41,41,Stainless Steel,Stainless Steel,TRUE,TRUE,TRUE
Audemars Piguet,15512BC.ZZ.1322BC.01,,,41,41,18-Carat White Gold,White Gold,FALSE,TRUE,TRUE
Audemars Piguet,15407BA.OO.1220BA.01,101100,101100,41,41,18-Carat Yellow Gold,Yellow Gold,TRUE,TRUE,TRUE
Audemars Piguet,15407OR.OO.1220OR.01,101100,101100,41,41,18-Carat Pink Gold,Pink Gold,TRUE,TRUE,TRUE
Audemars Piguet,15407ST.OO.1220ST.01,76400,76400,41,41,Stainless Steel,Stainless Steel,TRUE,TRUE,TRUE
Audemars Piguet,15407ST.OO.1220ST.02,76400,76400,41,41,Stainless Steel,Rose Gold,TRUE,TRUE,TRUE
Audemars Piguet,15412BA.YG.1224BA.01-B,,,41,41,18-Carat Yellow Gold,Yellow Gold,FALSE,TRUE,TRUE
Audemars Piguet,15412BC.SS.1220BC.02,,,41,41,18-Carat White Gold,White Gold,FALSE,TRUE,TRUE
Audemars Piguet,15412BC.TO.1220BC.01,,,41,41,18-Carat White Gold,White Gold,FALSE,TRUE,TRUE
Audemars Piguet,15412BC.YG.1224BC.03-B,,,41,41,18-Carat White Gold,White Gold,FALSE,TRUE,TRUE
Audemars Piguet,15412OR.YG.1224OR.01-B,,,41,41,18-Carat Pink Gold,Rose Gold,FALSE,TRUE,TRUE
Audemars Piguet,15416CE.OO.1225CE.01,101100,101100,41,41,Black Ceramic,Ceramic,TRUE,TRUE,TRUE
Audemars Piguet,15416CE.OO.1225CE.02,101100,101100,41,41,Black Ceramic,Rose Gold,TRUE,TRUE,TRUE
Audemars Piguet,15417OR.ZZ.1267OR.01.A,,,41,41,18-Carat Pink Gold,Rose Gold,FALSE,TRUE,TRUE
Audemars Piguet,15514BC.YY.1284BC.02,,,41,41,18-Carat White Gold,White Gold,FALSE,TRUE,TRUE
Audemars Piguet,15514BC.YY.1284BC.04,,,41,41,18-Carat White Gold,White Gold,FALSE,TRUE,TRUE
Audemars Piguet,26670ST.OO.1240ST.02,,1523000,39,39,Stainless Steel,Stainless Steel,FALSE,TRUE,TRUE
Audemars Piguet,16202BA.HH.1241BA.01,,2118000,39,39,18-Carat Yellow Gold,Gold,FALSE,TRUE,TRUE
Audemars Piguet,16202BA.OO.1240BA.02,80700,80700,39,39,18-Carat Yellow Gold,"Gold,Gradient",TRUE,TRUE,TRUE
Audemars Piguet,16202BC.OO.1240BC.02,80700,80700,39,39,18-Carat White Gold,White Gold,TRUE,TRUE,TRUE
Audemars Piguet,16202BC.ZZ.1241BC.01,,1612000,39,39,18-Carat White Gold,White Gold,FALSE,TRUE,TRUE
Audemars Piguet,16202BC.ZZ.1241BC.02,,1474000,39,39,18-Carat White Gold,White Gold,FALSE,TRUE,TRUE
Audemars Piguet,16202ST.OO.1240ST.02,36000,36000,39,39,Stainless Steel,Stainless Steel,TRUE,TRUE,TRUE
Audemars Piguet,16202XT.OO.1240XT.01,99300,99300,39,39,Titanium,Titanium,TRUE,TRUE,TRUE
Audemars Piguet,16204BA.OO.1240BA.01,,949000,39,39,18-Carat Yellow Gold,"Skeleton,Gold",FALSE,TRUE,TRUE
Audemars Piguet,16204BC.OO.1240BC.01,,,39,39,18-Carat White Gold,White Gold,FALSE,TRUE,TRUE
Audemars Piguet,26319OR.AY.1256OR.01,95900,95900,38,38,18-Carat Pink Gold,Pink Gold,TRUE,TRUE,TRUE
Audemars Piguet,26715BC.ZZ.1356BC.01,,1069000,38,38,18-Carat White Gold,White Gold,FALSE,TRUE,TRUE
Audemars Piguet,26715BC.ZZ.1356BC.02,,1151000,38,38,18-Carat White Gold,White Gold,FALSE,TRUE,TRUE
Audemars Piguet,26715OR.OO.1356OR.01,70800,70800,38,38,18-Carat Pink Gold,Pink Gold,TRUE,TRUE,TRUE
Audemars Piguet,26715OR.ZZ.1356OR.01,77000,77000,38,38,18-Carat Pink Gold,Rose Gold,TRUE,TRUE,TRUE
Audemars Piguet,26715OR.ZZ.1356OR.02,,1151000,38,38,18-Carat Pink Gold,Rose Gold,FALSE,TRUE,TRUE
Audemars Piguet,26715ST.OO.1356ST.01,37300,37300,38,38,Stainless Steel,Stainless Steel,TRUE,TRUE,TRUE
Audemars Piguet,26715ST.OO.1356ST.02,37300,37300,38,38,Stainless Steel,Stainless Steel,TRUE,TRUE,TRUE
Audemars Piguet,26715ST.ZZ.1356ST.01,43500,43500,38,38,Stainless Steel,Stainless Steel,TRUE,TRUE,TRUE
Audemars Piguet,26660BC.ZZ.1356BC.01,,2212000,37,37,18-Carat White Gold,White Gold,FALSE,TRUE,TRUE
Audemars Piguet,26660ST.OO.1356ST.02,,1523000,37,37,Stainless Steel,Stainless Steel,FALSE,TRUE,TRUE
Audemars Piguet,15550BA.GG.1356BA.01,68300,68300,37,37,18-Carat Yellow Gold,Gold,TRUE,TRUE,TRUE
Audemars Piguet,15550BA.OO.1356BA.01,63300,63300,37,37,18-Carat Yellow Gold,Yellow Gold,TRUE,TRUE,TRUE
Audemars Piguet,15550SR.OO.1356SR.02,32100,32100,37,37,Stainless Steel,"Stainless Steel,Rose Gold",TRUE,TRUE,TRUE
Audemars Piguet,15550ST.OO.1356ST.06,27400,27400,37,37,Stainless Steel,Stainless Steel,TRUE,TRUE,TRUE
Audemars Piguet,15550ST.OO.1356ST.07,27400,27400,37,37,Stainless Steel,Stainless Steel,TRUE,TRUE,TRUE
Audemars Piguet,15550ST.OO.1356ST.08,27400,27400,37,37,Stainless Steel,Stainless Steel,TRUE,TRUE,TRUE
Audemars Piguet,15551BC.ZZ.1356BC.01,,863000,37,37,18-Carat White Gold,White Gold,FALSE,TRUE,TRUE
Audemars Piguet,15551BC.ZZ.D405CR.01,67900,67900,37,37,18-Carat White Gold,White Gold,TRUE,TRUE,TRUE
Audemars Piguet,15551OR.ZS.D344CR.01,67900,67900,37,37,18-Carat Pink Gold,Rose Gold,TRUE,TRUE,TRUE
Audemars Piguet,15551OR.ZZ.1356OR.04,65800,65800,37,37,18-Carat Pink Gold,Rose Gold,TRUE,TRUE,TRUE
Audemars Piguet,15551OR.ZZ.1356OR.05,65800,65800,37,37,18-Carat Pink Gold,Rose Gold,TRUE,TRUE,TRUE
Audemars Piguet,15551OR.ZZ.1356OR.06,65800,65800,37,37,18-Carat Pink Gold,Rose Gold,TRUE,TRUE,TRUE
Audemars Piguet,15551ST.ZZ.1356ST.04,33600,33600,37,37,Stainless Steel,Stainless Steel,TRUE,TRUE,TRUE
Audemars Piguet,15551ST.ZZ.1356ST.05,33600,33600,37,37,Stainless Steel,Stainless Steel,TRUE,TRUE,TRUE
Audemars Piguet,15551ST.ZZ.1356ST.06,33600,33600,37,37,Stainless Steel,Stainless Steel,TRUE,TRUE,TRUE
Audemars Piguet,15466BC.GG.1259BC.01,100000,100000,37,37,18-Carat White Gold,White Gold,TRUE,TRUE,TRUE
Audemars Piguet,15467BC.OO.1256BC.01,98100,98100,37,37,18-Carat White Gold,White Gold,TRUE,TRUE,TRUE
Audemars Piguet,15467OR.OO.1256OR.01,90200,90200,37,37,18-Carat Pink Gold,Pink Gold,TRUE,TRUE,TRUE
Audemars Piguet,15467OR.OO.1256OR.02,98100,98100,37,37,18-Carat Pink Gold,Rose Gold,TRUE,TRUE,TRUE
Audemars Piguet,15468BA.YG.1259BA.01-B,,,37,37,18-Carat Yellow Gold,"Skeleton,Gold",FALSE,TRUE,TRUE
Audemars Piguet,15468BC.YG.1259BC.01-B,,,37,37,18-Carat White Gold,White Gold,FALSE,TRUE,TRUE
Audemars Piguet,15468OR.YG.1259OR.01-B,,,37,37,18-Carat Pink Gold,"Skeleton,Rose Gold",FALSE,TRUE,TRUE
Audemars Piguet,15469BC.ZZ.1260BC.01-A,,,37,37,18-Carat White Gold,White Gold,FALSE,TRUE,TRUE
Audemars Piguet,15550BA.OO.1356BA.02,75800,75800,37,37,18-Carat Yellow Gold,Gold,TRUE,TRUE,TRUE
Audemars Piguet,15552BC.ZZ.1358BC.01,,1925000,37,37,18-Carat White Gold,White Gold,FALSE,TRUE,TRUE
Audemars Piguet,15552OR.ZZ.1358OR.01,,1925000,37,37,18-Carat Pink Gold,Rose Gold,FALSE,TRUE,TRUE
Audemars Piguet,15554BC.AY.1274BC.01,,5203000,37,37,18-Carat White Gold,"White Gold,Crystal",FALSE,TRUE,TRUE
Audemars Piguet,15554BC.TV.1274BC.01,,5893000,37,37,18-Carat White Gold,White Gold,FALSE,TRUE,TRUE
Audemars Piguet,77350CB.OO.1266CB.01,54700,54700,34,34,White Ceramic,Ceramic,TRUE,TRUE,TRUE
Audemars Piguet,77350CE.OO.1266CE.03.A,54700,54700,34,34,Black Ceramic,Ceramic,TRUE,TRUE,TRUE
Audemars Piguet,77450BA.GG.1361BA.01,62100,62100,34,34,18-Carat Yellow Gold,Yellow Gold,TRUE,TRUE,TRUE
Audemars Piguet,77450BC.GG.1361BC.01,62100,62100,34,34,18-Carat White Gold,White Gold,TRUE,TRUE,TRUE
Audemars Piguet,77450OR.OO.1361OR.01,54700,54700,34,34,18-Carat Pink Gold,Rose Gold,TRUE,TRUE,TRUE
Audemars Piguet,77450SR.OO.1361SR.03,29600,29600,34,34,Stainless Steel,Stainless Steel,TRUE,TRUE,TRUE
Audemars Piguet,77450ST.OO.1361ST.02,26100,26100,34,34,Stainless Steel,Stainless Steel,TRUE,TRUE,TRUE
Audemars Piguet,77451BC.ZZ.1361BC.01,,,34,34,18-Carat White Gold,White Gold,FALSE,TRUE,TRUE
Audemars Piguet,77451OR.ZZ.1361OR.03,59600,59600,34,34,18-Carat Pink Gold,Rose Gold,TRUE,TRUE,TRUE
Audemars Piguet,77451OR.ZZ.1361OR.04,59600,59600,34,34,18-Carat Pink Gold,Rose Gold,TRUE,TRUE,TRUE
Audemars Piguet,77451ST.ZZ.1361ST.03,31100,31100,34,34,Stainless Steel,Stainless Steel,TRUE,TRUE,TRUE
Audemars Piguet,77451ST.ZZ.1361ST.04,31100,31100,34,34,Stainless Steel,Stainless Steel,TRUE,TRUE,TRUE
Audemars Piguet,77452BC.ZZ.1365BC.01,,1828000,34,34,18-Carat White Gold,White Gold,FALSE,TRUE,TRUE
Audemars Piguet,77452OR.ZZ.1365OR.01,,1828000,34,34,18-Carat Pink Gold,Rose Gold,FALSE,TRUE,TRUE
Audemars Piguet,67650ST.OO.1261ST.01,17800,17800,33,33,Stainless Steel,Stainless Steel,TRUE,TRUE,TRUE
Audemars Piguet,67651OR.ZZ.1261OR.02,49700,49700,33,33,18-Carat Pink Gold,Pink Gold,TRUE,TRUE,TRUE
Audemars Piguet,67651SR.ZZ.1261SR.01,27000,27000,33,33,Stainless Steel,Stainless Steel,TRUE,TRUE,TRUE
Audemars Piguet,67651ST.ZZ.1261ST.01,23400,23400,33,33,Stainless Steel,Stainless Steel,TRUE,TRUE,TRUE
Audemars Piguet,67630BA.GG.1312BA.01,34400,34400,23,23,18-Carat Yellow Gold,Yellow Gold,TRUE,TRUE,TRUE
Audemars Piguet,67630BC.GG.1312BC.01,34400,34400,23,23,18-Carat White Gold,White Gold,TRUE,TRUE,TRUE
Audemars Piguet,67630OR.GG.1312OR.01,34400,34400,23,23,18-Carat Pink Gold,Rose Gold,TRUE,TRUE,TRUE
Audemars Piguet,26582CB.OO.A010CA.01,,7582000,44,44,White Ceramic,"Titanium,Ceramic",FALSE,TRUE,TRUE
Audemars Piguet,26622CE.OO.D002CA.01,,2625000,43,43,Black Ceramic,Ceramic,FALSE,TRUE,TRUE
Audemars Piguet,26622CE.OO.D002CA.02,,2809000,43,43,Black Ceramic,"Ceramic,Rose Gold",FALSE,TRUE,TRUE
Audemars Piguet,26622CE.OO.D062CA.01,,2360000,43,43,Black Ceramic,Ceramic,FALSE,TRUE,TRUE
Audemars Piguet,26420CE.OO.A043VE.01,58400,58400,43,43,Black Ceramic,Ceramic,TRUE,TRUE,TRUE
Audemars Piguet,26420CE.OO.A127CR.01,60900,60900,43,43,Black Ceramic,"Ceramic,Yellow Gold",TRUE,TRUE,TRUE
Audemars Piguet,26420IO.OO.A009CA.01,42900,42900,43,43,Titanium,"Titanium,Ceramic",TRUE,TRUE,TRUE
Audemars Piguet,26420OI.OO.A015VE.01,59600,59600,43,43,18-Carat Pink Gold,Rose Gold,TRUE,TRUE,TRUE
Audemars Piguet,26420RO.OO.A002CA.01,62100,62100,43,43,18-Carat Pink Gold,"Pink Gold,Ceramic",TRUE,TRUE,TRUE
Audemars Piguet,26420SO.OO.A002CA.01,42900,42900,43,43,Stainless Steel,"Ceramic,Stainless Steel",TRUE,TRUE,TRUE
Audemars Piguet,26420SO.OO.A600CA.01,42900,42900,43,43,Stainless Steel,"Ceramic,Stainless Steel",TRUE,TRUE,TRUE
Audemars Piguet,26420ST.OO.A828CR.01,41600,41600,43,43,Stainless Steel,Stainless Steel,TRUE,TRUE,TRUE
Audemars Piguet,26420TI.OO.A027CA.01,41600,41600,43,43,Titanium,Titanium,TRUE,TRUE,TRUE
Audemars Piguet,26423BC.ZZ.2100BC.01,,2394000,43,43,18-Carat White Gold,"Ceramic,White Gold",FALSE,TRUE,TRUE
Audemars Piguet,26423BC.ZZ.D002CA.01,,1349000,43,43,18-Carat White Gold,"Ceramic,White Gold",FALSE,TRUE,TRUE
Audemars Piguet,26424BC.ZZ.D002CA.01,,108800,43,43,18-Carat White Gold,"Ceramic,White Gold",FALSE,TRUE,TRUE
Audemars Piguet,26425BC.ZZ.D002CA.01,,5617000,43,43,18-Carat White Gold,"Ceramic,White Gold",FALSE,TRUE,TRUE
Audemars Piguet,26425BC.ZZ.8045BC.01,,13627000,43,43,18-Carat White Gold,White Gold,FALSE,TRUE,TRUE
Audemars Piguet,26425BC.ZZ.D002CA.02,,6814000,43,43,18-Carat White Gold,White Gold,FALSE,TRUE,TRUE
Audemars Piguet,15605SK.OO.A350CA.01,27400,27400,43,43,Stainless Steel,Stainless Steel,TRUE,TRUE,TRUE
Audemars Piguet,26238BC.OO.2000BC.01,114900,114900,42,42,18-Carat White Gold,White Gold,TRUE,TRUE,TRUE
Audemars Piguet,26238CE.OO.1300CE.01,86900,86900,42,42,Black Ceramic,Ceramic,TRUE,TRUE,TRUE
Audemars Piguet,26238OK.OO.A002CA.01,57100,57100,42,42,18-Carat Pink Gold,Rose Gold,TRUE,TRUE,TRUE
Audemars Piguet,26238OR.OO.2000OR.01,93100,93100,42,42,18-Carat Pink Gold,"Blue,Rose Gold",TRUE,TRUE,TRUE
Audemars Piguet,26238ST.OO.2000ST.01,46600,46600,42,42,Stainless Steel,Stainless Steel,TRUE,TRUE,TRUE
Audemars Piguet,26238ST.OO.A340CA.01,39100,39100,42,42,Stainless Steel,Stainless Steel,TRUE,TRUE,TRUE
Audemars Piguet,26238TI.OO.2000TI.01,46600,46600,42,42,Titanium,Titanium,TRUE,TRUE,TRUE
Audemars Piguet,26238TI.OO.A056CA.01,39100,39100,42,42,Titanium,Titanium,TRUE,TRUE,TRUE
Audemars Piguet,15720CN.OO.A002CA.02,68300,68300,42,42,18-Carat White Gold,White Gold,TRUE,TRUE,TRUE
Audemars Piguet,15720ST.OO.A009CA.01,30500,30500,42,42,Stainless Steel,"Ceramic,Stainless Steel",TRUE,TRUE,TRUE
Audemars Piguet,15720ST.OO.A027CA.01,30500,30500,42,42,Stainless Steel,"Ceramic,Stainless Steel",TRUE,TRUE,TRUE
Audemars Piguet,15720ST.OO.A052CA.01,30500,30500,42,42,Stainless Steel,"Stainless Steel,Pink Gold,Ceramic",TRUE,TRUE,TRUE
Audemars Piguet,26231OR.ZZ.A085CA.01,59600,59600,37,37,18-Carat Pink Gold,Rose Gold,TRUE,TRUE,TRUE
Audemars Piguet,26231ST.ZZ.A178CA.01,41800,41800,37,37,Stainless Steel,Stainless Steel,TRUE,TRUE,TRUE
Audemars Piguet,26236BA.YY.D346CA.01,114200,114200,37,37,18-Carat Yellow Gold,Yellow Gold,TRUE,TRUE,TRUE
Audemars Piguet,26236OR.YY.D002CA.01,114200,114200,37,37,18-Carat Pink Gold,Rose Gold,TRUE,TRUE,TRUE
Audemars Piguet,77605OK.OO.A101CA.01,47200,47200,37,37,18-Carat Pink Gold,Rose Gold,TRUE,TRUE,TRUE
Audemars Piguet,77600CE.OO.A002CA.01,43500,43500,37,37,Black Ceramic,Ceramic,TRUE,TRUE,TRUE
Audemars Piguet,26589IO.OO.D056CA.01,,1842000,44,44,Titanium,Titanium Gold,FALSE,TRUE,TRUE
Audemars Piguet,26589IO.OO.D500CA.01,,1842000,44,44,Titanium,Titanium,FALSE,TRUE,TRUE
Audemars Piguet,26650FO.OO.D353CA.01,,,43,43,Carbon,,FALSE,TRUE,FALSE
Audemars Piguet,26650TI.OO.D013CA.01,,1566000,43,43,Titanium,Titanium,FALSE,TRUE,TRUE
Audemars Piguet,26631IO.OO.D002CA.01,,1796000,42,42,Titanium,Titanium Gold,FALSE,TRUE,TRUE
Audemars Piguet,26227BC.YY.D326CR.01-A,,,38.5,38.5,18-Carat White Gold,White Gold,FALSE,TRUE,TRUE
Audemars Piguet,26228BC.ZZ.D011CR.01,,4256000,38.5,38.5,18-Carat White Gold,White Gold,FALSE,TRUE,TRUE
Audemars Piguet,26228OR.SS.D314CR.01,,4256000,38.5,38.5,18-Carat Pink Gold,Pink Gold,FALSE,TRUE,TRUE
Audemars Piguet,26630OR.GG.D626CR.01,,1630000,38.5,38.5,18-Carat Pink Gold,"Brown,Copper,Rose Gold,Gold",FALSE,TRUE,TRUE
Audemars Piguet,15240SG.OO.A347CR.01,47200,47200,41,41,18-Carat Sand Gold,Sand Gold,TRUE,TRUE,TRUE
